,0,1,2,3,4,5,6,7,8,9
acuna,0.0,0.0,0.04077230431620901,0.0,0.0,0.0,0.0,0.0,0.0,0.0
ada,0.0,0.0,0.0,0.0,0.0478052647905824,0.0,0.0,0.0,0.0,0.1057444497152561
adalah,0.0,0.0,0.026959822233570137,0.0,0.0,0.0,0.057457010946256354,0.031262736970362345,0.027650216001288253,0.0
adanya,0.0,0.0,0.0,0.0,0.056235443672537196,0.0,0.0,0.0,0.0,0.0
adapun,0.0,0.022694597809737423,0.0,0.02664419861825452,0.03339377880376811,0.0,0.025799821816304764,0.028075704950255673,0.0,0.0
afa,0.3337113427817847,0.0,0.09097069494465353,0.0,0.25094374611433734,0.0,0.0,0.0,0.0,0.0
afc,0.0,0.0,0.0,0.0,0.0,0.0,0.0,0.0,0.04181641152698899,0.0
agenda,0.0,0.0,0.0,0.0,0.0,0.0,0.0,0.0,0.04181641152698899,0.0
air,0.0,0.0,0.0,0.0,0.0,0.0,0.0,0.0,0.04181641152698899,0.0
ajang,0.0,0.0,0.04077230431620901,0.0,0.0,0.0,0.0,0.0,0.0,0.0
ajax,0.0,0.0,0.04077230431620901,0.0,0.0,0.0,0.0,0.0,0.0,0.0
akan,0.20072897434178766,0.0,0.13132634310250968,0.0,0.18113264124062511,0.06903890640623973,0.0,0.07614332331503722,0.0673446902205858,0.0
akanji,0.0,0.03821792029886614,0.0,0.0,0.0,0.0,0.0,0.0,0.0,0.0
akhir,0.0,0.0,0.0,0.0,0.0,0.0,0.04344714729764544,0.0,0.0,0.0
akibat,0.0,0.0,0.0,0.044869085927696034,0.0,0.0,0.0,0.0,0.0,0.0
aksinya,0.0,0.0,0.04077230431620901,0.0,0.0,0.0,0.0,0.0,0.0,0.0
akun,0.0,0.0,0.0,0.0,0.0,0.0,0.0,0.0,0.04181641152698899,0.0
alianza,0.0,0.0,0.0,0.0,0.0,0.0,0.0,0.23639878157765146,0.0,0.0
all,0.0,0.03821792029886614,0.0,0.0,0.0,0.0,0.0,0.0,0.0,0.0
alvarez,0.0,0.25990979073930937,0.0,0.038142822277268035,0.0,0.0,0.0,0.0,0.0,0.0
amali,0.0,0.0,0.0,0.0,0.056235443672537196,0.0,0.0,0.0,0.0,0.0
ambisi,0.0,0.0,0.0,0.0,0.0,0.03215130226526141,0.0,0.0,0.0,0.0
amistosos,0.06357265065308819,0.0,0.0,0.0,0.0478052647905824,0.0,0.0,0.0,0.0,0.0
amsterdam,0.0,0.0,0.04077230431620901,0.0,0.0,0.0,0.0,0.0,0.0,0.0
ancelotti,0.0,0.0,0.0,0.0,0.0,0.0,0.0,0.0,0.0,0.16585582004257124
andalan,0.0,0.0,0.08154460863241803,0.0,0.0,0.0,0.0,0.0,0.0,0.0
anggota,0.0,0.0,0.0,0.0,0.056235443672537196,0.0,0.0,0.0,0.0,0.0
angka,0.0,0.0,0.0,0.044869085927696034,0.0,0.0,0.0,0.0,0.0,0.0
antara,0.0,0.0,0.0,0.0,0.0418239576857229,0.0,0.0,0.035163348920063967,0.031100098302019066,0.0
anugerah,0.0,0.0,0.0,0.0,0.0,0.0,0.0,0.047279756315530296,0.0,0.0
any,0.0,0.03821792029886614,0.0,0.0,0.0,0.0,0.0,0.0,0.0,0.0
apa,0.0,0.0,0.0,0.0,0.0,0.0,0.0,0.0,0.0,0.04146395501064281
april,0.0,0.0,0.04077230431620901,0.0,0.0,0.0,0.0,0.0,0.0,0.0
argentina,0.27809278565148726,0.0,0.33355921479706296,0.0,0.2927677038000603,0.0,0.0,0.0,0.0,0.0
argentino,0.06357265065308819,0.0,0.03466018362562405,0.0,0.0,0.0,0.0,0.0,0.0,0.0
arsenal,0.0,0.0284237942661899,0.0,0.26696369814946014,0.0,0.0,0.16156462290253934,0.0,0.0,0.0
artikel,0.0,0.0,0.0,0.0,0.0,0.0,0.04344714729764544,0.0,0.0,0.0
arya,0.0,0.0,0.0,0.0,0.11247088734507439,0.0,0.0,0.0,0.0,0.0
as,0.0,0.0,0.0,0.0,0.0,0.0,0.0,0.0,0.0,0.04146395501064281
asal,0.0,0.0,0.0,0.0,0.0,0.0,0.0,0.0,0.0,0.12439186503192842
asia,0.09889776574969056,0.0,0.0808794667007104,0.0,0.0743689909149837,0.0,0.0,0.0,0.027650216001288253,0.0
asociacion,0.06357265065308819,0.0,0.03466018362562405,0.0,0.0,0.0,0.0,0.0,0.0,0.0
atas,0.0,0.041032916812912434,0.021887723850418282,0.02408699186068994,0.030188773540104182,0.017259726601559933,0.0,0.0,0.0,0.044518042933291875
atau,0.06357265065308819,0.0,0.0,0.0,0.0,0.0,0.0,0.0,0.0,0.03524814990508537
atmosfer,0.0,0.0,0.0,0.0,0.0,0.0,0.0,0.0,0.0,0.04146395501064281
australia,0.05561855713029745,0.0,0.12129425992620471,0.0,0.0418239576857229,0.0,0.0,0.0,0.0,0.0
auxerre,0.0,0.0,0.0,0.0,0.0,0.03215130226526141,0.0,0.0,0.0,0.0
awal,0.0,0.0,0.0,0.0,0.0,0.0,0.0,0.0,0.0,0.04146395501064281
aziz,0.0,0.0,0.04077230431620901,0.0,0.0,0.0,0.0,0.0,0.0,0.0
azpilicueta,0.0,0.03821792029886614,0.0,0.0,0.0,0.0,0.0,0.0,0.0,0.0
baca,0.0276489023281906,0.042389811171550544,0.030148688843304603,0.04976702198972191,0.04158275873003556,0.047547943348252124,0.048189863694502844,0.052440842588488884,0.030920743892553858,0.030660123306586833
badan,0.0,0.0,0.0,0.0,0.0,0.0,0.0,0.0,0.04181641152698899,0.0
bagi,0.0,0.0,0.0,0.0,0.0,0.042518734625682425,0.028728505473128177,0.06252547394072469,0.0,0.08225148479601199
bagian,0.0,0.0,0.0,0.0,0.0,0.0,0.0,0.0,0.04181641152698899,0.0
bagus,0.0,0.0,0.04077230431620901,0.0,0.0,0.0,0.0,0.0,0.0,0.0
bahkan,0.0,0.0,0.03466018362562405,0.0,0.0,0.02733154426775643,0.0,0.0,0.0,0.0
bahwa,0.09889776574969056,0.0,0.0,0.0,0.0743689909149837,0.0,0.0,0.031262736970362345,0.027650216001288253,0.0
baik,0.0,0.0,0.0,0.0,0.0,0.0,0.0,0.047279756315530296,0.0,0.0
bakal,0.0,0.0,0.026959822233570137,0.0,0.03718449545749185,0.0,0.057457010946256354,0.06252547394072469,0.0,0.0
bandung,0.0,0.0,0.0,0.0,0.0,0.0,0.0,0.047279756315530296,0.0,0.0
bangsa,0.0,0.0,0.0,0.0,0.0,0.0,0.0,0.0,0.0,0.04146395501064281
bantuan,0.0,0.0,0.0,0.0,0.0,0.0,0.0,0.0,0.04181641152698899,0.0
banyak,0.0,0.03248872384241367,0.0,0.0,0.0,0.05466308853551286,0.0,0.0,0.0,0.0
barcelona,0.0,0.0,0.0,0.0,0.0,0.03215130226526141,0.0,0.0,0.0,0.0
baru,0.0,0.03248872384241367,0.0,0.0,0.0,0.02733154426775643,0.0,0.0,0.0,0.0
bawa,0.0,0.0,0.0,0.0,0.0478052647905824,0.0,0.0,0.0,0.03554777014439938,0.0
bawah,0.0,0.0,0.0,0.0,0.0,0.0,0.0,0.047279756315530296,0.0,0.0
bayern,0.0,0.07643584059773229,0.0,0.0,0.0,0.0,0.0,0.0,0.0,0.0
beberapa,0.12714530130617638,0.0,0.0,0.0,0.1434157943717472,0.0,0.0,0.0,0.0,0.0
begitu,0.0,0.0,0.03466018362562405,0.0,0.0,0.0,0.0,0.040192112345721995,0.0,0.0
behich,0.0,0.0,0.04077230431620901,0.0,0.0,0.0,0.0,0.0,0.0,0.0
beijing,0.1112371142605949,0.0,0.030323564981551178,0.0,0.0418239576857229,0.0,0.0,0.0,0.0,0.0
bek,0.0,0.0,0.04077230431620901,0.0,0.0,0.0,0.0,0.0,0.0,0.0
bekerja,0.0,0.0,0.0,0.0,0.0,0.0,0.03693404453344233,0.0,0.03554777014439938,0.0
belajar,0.0,0.0,0.0,0.0,0.0,0.0,0.0,0.047279756315530296,0.0,0.0
belakang,0.0,0.0,0.04077230431620901,0.0,0.0,0.0,0.0,0.0,0.0,0.0
belgia,0.0,0.0,0.0,0.0,0.0,0.0,0.0,0.0,0.0,0.04146395501064281
belum,0.0,0.0,0.03466018362562405,0.0,0.1434157943717472,0.0,0.0,0.0,0.0,0.0
benchmarking,0.0,0.0,0.0,0.0,0.0,0.0,0.0,0.0,0.04181641152698899,0.0
benua,0.0,0.0,0.0,0.0,0.0,0.0,0.0,0.0,0.04181641152698899,0.0
berada,0.0,0.0284237942661899,0.030323564981551178,0.03337046226868252,0.0,0.0,0.0,0.0,0.0,0.0
berakhir,0.0,0.0,0.030323564981551178,0.0,0.0,0.02391187154694517,0.0,0.0,0.0,0.03083796599785234
berani,0.0,0.0,0.03466018362562405,0.0,0.0956105295811648,0.0,0.0,0.0,0.0,0.0
berdasarkan,0.0,0.0,0.0,0.0,0.0,0.0,0.0,0.0,0.04181641152698899,0.0
berfokus,0.0,0.0,0.0,0.0,0.0,0.0,0.0,0.0,0.04181641152698899,0.0
berhasil,0.0,0.025270789931403713,0.0,0.029668732260309548,0.0,0.0,0.028728505473128177,0.031262736970362345,0.0,0.0
berhenti,0.0,0.0,0.0,0.0,0.0,0.0,0.0,0.0,0.0,0.04146395501064281
berikut,0.0,0.0,0.0,0.0,0.0,0.0,0.04344714729764544,0.0,0.0,0.0
berjulukan,0.0,0.0,0.0,0.038142822277268035,0.0,0.0,0.03693404453344233,0.0,0.0,0.0
berkat,0.0,0.0,0.0,0.0,0.0,0.03215130226526141,0.0,0.0,0.0,0.0
berkata,0.0,0.0,0.0,0.0,0.0,0.0,0.0,0.0,0.0,0.04146395501064281
berkualitas,0.0,0.0,0.0,0.0,0.0478052647905824,0.0,0.0,0.0,0.14219108057759752,0.0
berlangsung,0.0,0.0284237942661899,0.0,0.0,0.0,0.0,0.032312924580507864,0.035163348920063967,0.0,0.0
bermain,0.044407891958725576,0.0,0.024211444290966222,0.0,0.03339377880376811,0.03818422709888038,0.0,0.0,0.0,0.024622160892294902
bermasalah,0.0,0.0,0.0,0.0,0.0,0.0,0.0,0.0,0.0,0.04146395501064281
bermitra,0.0,0.0,0.0,0.0,0.0,0.0,0.0,0.047279756315530296,0.0,0.0
bermula,0.0,0.03821792029886614,0.0,0.0,0.0,0.0,0.0,0.0,0.0,0.0
berpengaruh,0.0,0.0,0.0,0.0,0.0,0.0,0.0,0.0,0.0,0.04146395501064281
berpikir,0.0,0.0,0.0,0.0,0.0,0.0,0.0,0.0,0.0,0.04146395501064281
berpostur,0.0,0.0,0.04077230431620901,0.0,0.0,0.0,0.0,0.0,0.0,0.0
bersama,0.0,0.0,0.03466018362562405,0.0,0.0,0.08199463280326928,0.0,0.0,0.0,0.0
berstatus,0.0,0.0,0.0,0.0,0.0,0.0,0.04344714729764544,0.0,0.0,0.0
bertanding,0.07478331582466008,0.0,0.0,0.0,0.0,0.0,0.0,0.0,0.0,0.0
bertemu,0.0,0.0,0.0,0.0,0.0,0.0,0.0,0.0,0.08363282305397798,0.0
berterima,0.0,0.0,0.0,0.0,0.0,0.0,0.04344714729764544,0.0,0.0,0.0
bertindak,0.0,0.0,0.0,0.0,0.0,0.0,0.0,0.0,0.0,0.04146395501064281
bertolak,0.0,0.0,0.04077230431620901,0.0,0.0,0.0,0.0,0.0,0.0,0.0
berturut,0.0,0.03821792029886614,0.0,0.0,0.0,0.0,0.0,0.0,0.0,0.0
berubah,0.0,0.0,0.0,0.0,0.0,0.0,0.0,0.047279756315530296,0.0,0.0
berulang,0.0,0.0,0.0,0.0,0.0,0.0,0.0,0.0,0.0,0.04146395501064281
berumur,0.0,0.03248872384241367,0.0,0.0,0.0,0.0,0.0,0.040192112345721995,0.0,0.0
beruntun,0.0,0.0,0.0,0.038142822277268035,0.0,0.0,0.07386808906688466,0.0,0.0,0.0
berusia,0.0,0.0,0.0,0.0,0.0,0.03215130226526141,0.0,0.0,0.0,0.0
besar,0.0,0.0,0.09097069494465353,0.0,0.0,0.02391187154694517,0.032312924580507864,0.0,0.0,0.0
besi,0.0,0.0,0.0,0.0,0.0,0.0,0.0,0.047279756315530296,0.0,0.0
besutan,0.0,0.03821792029886614,0.0,0.0,0.0,0.0,0.0,0.0,0.0,0.0
betaapa,0.0,0.0,0.0,0.0,0.0,0.0,0.04344714729764544,0.0,0.0,0.0
biasa,0.0,0.0,0.04077230431620901,0.0,0.0,0.0,0.0,0.0,0.0,0.0
bisa,0.0,0.0,0.18194138988930705,0.03337046226868252,0.0,0.02391187154694517,0.0,0.0,0.0,0.0
blok,0.0,0.0,0.04077230431620901,0.0,0.0,0.0,0.0,0.0,0.0,0.0
blues,0.0,0.0,0.0,0.044869085927696034,0.0,0.0,0.0,0.0,0.0,0.0
bobotoh,0.0,0.0,0.0,0.0,0.0,0.0,0.0,0.047279756315530296,0.0,0.0
bola,0.0331972267871537,0.016965401353284955,0.054297970801143805,0.0,0.024963599921813316,0.014272355551935212,0.0,0.10494030490223694,0.11137689322103912,0.05521906736021239
borussia,0.0,0.06497744768482734,0.0,0.0,0.0,0.02733154426775643,0.0,0.0,0.0,0.0
brasil,0.0,0.0,0.0,0.0,0.0,0.0,0.0,0.0,0.0,0.08292791002128562
breaking,0.0,0.0,0.03466018362562405,0.0,0.0478052647905824,0.0,0.0,0.0,0.0,0.0
bruyne,0.0,0.03821792029886614,0.0,0.0,0.0,0.0,0.0,0.0,0.0,0.0
buat,0.0,0.0,0.0693203672512481,0.0,0.0,0.0,0.0,0.040192112345721995,0.0,0.0
buka,0.0,0.0,0.0,0.0,0.0,0.0,0.0,0.047279756315530296,0.0,0.0
bukan,0.0,0.0,0.0,0.0,0.0,0.02733154426775643,0.0,0.0,0.0,0.1057444497152561
bukele,0.0,0.0,0.0,0.0,0.0,0.0,0.0,0.09455951263106059,0.0,0.0
bulan,0.0,0.0,0.03466018362562405,0.0,0.0478052647905824,0.0,0.0,0.0,0.0,0.0
bulat,0.0,0.03821792029886614,0.0,0.0,0.0,0.0,0.0,0.0,0.0,0.0
bumn,0.0,0.0,0.0,0.0,0.0,0.0,0.0,0.0,0.04181641152698899,0.0
butuhkan,0.0,0.0,0.0,0.0,0.0,0.0,0.04344714729764544,0.0,0.0,0.0
cantik,0.0,0.0,0.0,0.0,0.0,0.0,0.0,0.0,0.0,0.04146395501064281
capaian,0.0,0.03821792029886614,0.0,0.0,0.0,0.0,0.0,0.0,0.0,0.0
cara,0.0,0.0,0.0,0.0,0.0,0.0,0.0,0.0,0.0,0.04146395501064281
carlo,0.0,0.0,0.0,0.0,0.0,0.0,0.0,0.0,0.0,0.04146395501064281
catatan,0.0,0.03248872384241367,0.0,0.0,0.0,0.10932617707102572,0.0,0.0,0.0,0.0
cedera,0.0,0.0,0.12231691294862702,0.0,0.0,0.0,0.0,0.0,0.0,0.0
cerawat,0.0,0.0,0.0,0.0,0.0,0.0,0.0,0.047279756315530296,0.0,0.0
cetak,0.0,0.0,0.0,0.0,0.0,0.03215130226526141,0.0,0.0,0.0,0.0
chalobah,0.0,0.03821792029886614,0.0,0.0,0.0,0.0,0.0,0.0,0.0,0.0
cheek,0.0,0.03821792029886614,0.0,0.0,0.0,0.0,0.0,0.0,0.0,0.0
chelsea,0.0,0.2527078993140371,0.0,0.14834366130154772,0.0,0.021259367312841213,0.17237103283876906,0.0,0.0,0.0
china,0.1112371142605949,0.0,0.030323564981551178,0.0,0.0418239576857229,0.0,0.0,0.0,0.0,0.0
chukwuemeka,0.0,0.03821792029886614,0.0,0.0,0.0,0.0,0.0,0.0,0.0,0.0
cintai,0.0,0.0,0.0,0.0,0.0,0.0,0.0,0.0,0.0,0.04146395501064281
citizens,0.0,0.0,0.0,0.038142822277268035,0.0,0.0,0.07386808906688466,0.0,0.0,0.0
citra,0.0,0.0,0.0,0.0,0.0,0.0,0.0,0.0,0.0,0.04146395501064281
city,0.0,0.45487421876526685,0.0,0.41536225164433366,0.0,0.10629683656420605,0.43092758209692267,0.0,0.0,0.0
cm,0.0,0.0,0.04077230431620901,0.0,0.0,0.0,0.0,0.0,0.0,0.0
coba,0.0,0.0,0.20386152158104506,0.0,0.0,0.0,0.0,0.0,0.0,0.0
cole,0.0,0.03821792029886614,0.0,0.0,0.0,0.0,0.0,0.0,0.0,0.0
com,0.0552978046563812,0.02825987411436703,0.015074344421652302,0.016589007329907306,0.06237413809505333,0.011886985837063031,0.016063287898167616,0.017480280862829628,0.015460371946276929,0.015330061653293417
competitions,0.0,0.03821792029886614,0.0,0.0,0.0,0.0,0.0,0.0,0.0,0.0
confirmados,0.06357265065308819,0.0,0.0,0.0,0.0478052647905824,0.0,0.0,0.0,0.0,0.0
courtois,0.0,0.0,0.0,0.0,0.0,0.0,0.0,0.0,0.0,0.04146395501064281
cristiano,0.0,0.0,0.0,0.0,0.0,0.02733154426775643,0.0,0.0,0.0,0.03524814990508537
cukup,0.0,0.0,0.04077230431620901,0.0,0.0,0.0,0.0,0.0,0.0,0.0
cuscatlan,0.0,0.0,0.0,0.0,0.0,0.0,0.0,0.09455951263106059,0.0,0.0
daftar,0.0,0.0,0.0,0.0,0.0,0.06430260453052282,0.0,0.0,0.0,0.0
dalam,0.090852372541448,0.07738331949363736,0.06604433159564922,0.0,0.11386504735338776,0.03905980978357492,0.052782848267971826,0.11487797744937614,0.03386780555263665,0.0167911725858802
dampak,0.0,0.0,0.0,0.0,0.0,0.0,0.0,0.09455951263106059,0.0,0.0
dan,0.0552978046563812,0.042389811171550544,0.060297377686609206,0.03317801465981461,0.04158275873003556,0.03566095751118909,0.06425315159267046,0.052440842588488884,0.07730185973138465,0.07665030826646708
dapat,0.0,0.0,0.0,0.0,0.0,0.0,0.07386808906688466,0.0,0.03554777014439938,0.0
dari,0.0,0.03393080270656991,0.01809932360038127,0.07967173987130612,0.024963599921813316,0.04281706665580563,0.07714687620840667,0.04197612196089477,0.0,0.03681271157347493
de,0.0,0.03821792029886614,0.0,0.0,0.0,0.0,0.0,0.0,0.0,0.0
dekat,0.0,0.03248872384241367,0.0,0.0,0.0,0.02733154426775643,0.0,0.0,0.0,0.0
del,0.06357265065308819,0.0,0.03466018362562405,0.0,0.0,0.0,0.0,0.0,0.0,0.0
delapan,0.0,0.0,0.03466018362562405,0.0,0.0,0.02733154426775643,0.0,0.0,0.0,0.0
demikian,0.04014579486835753,0.020516458406456217,0.0,0.0,0.030188773540104182,0.017259726601559933,0.0,0.025381107771679075,0.0,0.022259021466645938
dengan,0.0,0.016965401353284955,0.0,0.07967173987130612,0.024963599921813316,0.08563413331161127,0.038573438104203335,0.020988060980447386,0.14850252429471883,0.018406355786737466
depan,0.09889776574969056,0.0,0.026959822233570137,0.029668732260309548,0.0743689909149837,0.0,0.0,0.0,0.0,0.0
deportivo,0.0,0.0,0.0,0.0,0.0,0.0,0.0,0.23639878157765146,0.0,0.0
deras,0.0,0.03821792029886614,0.0,0.0,0.0,0.0,0.0,0.0,0.0,0.0
di,0.1105956093127624,0.08477962234310109,0.10552041095156611,0.09953404397944382,0.08316551746007111,0.13075684420769335,0.11244301528717329,0.12236196603980741,0.1082226036239385,0.1686306781862276
dia,0.0,0.0,0.0,0.0,0.0,0.021259367312841213,0.0,0.031262736970362345,0.027650216001288253,0.05483432319734133
dialami,0.0,0.0,0.0,0.0,0.0,0.0,0.0,0.0,0.0,0.04146395501064281
dianggap,0.0,0.03821792029886614,0.0,0.0,0.0,0.0,0.0,0.0,0.0,0.0
dianulir,0.0,0.03821792029886614,0.0,0.0,0.0,0.0,0.0,0.0,0.0,0.0
diario,0.0,0.0,0.04077230431620901,0.0,0.0,0.0,0.0,0.0,0.0,0.0
dibagikan,0.0,0.0,0.0,0.0,0.0,0.0,0.0,0.0,0.04181641152698899,0.0
dibandingkan,0.0,0.0,0.0,0.0,0.0,0.03215130226526141,0.0,0.0,0.0,0.0
diberikan,0.0,0.0,0.0,0.0,0.0,0.03215130226526141,0.0,0.0,0.0,0.0
dibiarkan,0.0,0.0,0.0,0.0,0.0,0.0,0.0,0.047279756315530296,0.0,0.0
dibukukan,0.0,0.03821792029886614,0.0,0.0,0.0,0.0,0.0,0.0,0.0,0.0
dicetak,0.0,0.0,0.0,0.044869085927696034,0.0,0.0,0.0,0.0,0.0,0.0
didapatkan,0.0,0.0,0.04077230431620901,0.0,0.0,0.0,0.0,0.0,0.0,0.0
digelar,0.06357265065308819,0.0,0.0,0.0,0.0478052647905824,0.0,0.0,0.0,0.0,0.0
diinginkan,0.0,0.0,0.0,0.0,0.0,0.0,0.0,0.0,0.04181641152698899,0.0
diinvestigasi,0.0,0.0,0.0,0.0,0.0,0.0,0.0,0.047279756315530296,0.0,0.0
dijadwalkan,0.06357265065308819,0.0,0.0,0.038142822277268035,0.0,0.0,0.0,0.0,0.0,0.0
dijalani,0.0,0.0,0.0,0.0,0.0,0.0,0.04344714729764544,0.0,0.0,0.0
dikabarkan,0.0,0.0,0.0,0.0,0.0,0.0,0.0,0.047279756315530296,0.0,0.0
dikapteni,0.0,0.0,0.04077230431620901,0.0,0.0,0.0,0.0,0.0,0.0,0.0
dikejar,0.0,0.03248872384241367,0.0,0.0,0.0,0.0,0.03693404453344233,0.0,0.0,0.0
dikenang,0.0,0.0,0.04077230431620901,0.0,0.0,0.0,0.0,0.0,0.0,0.0
diketahui,0.07478331582466008,0.0,0.0,0.0,0.0,0.0,0.0,0.0,0.0,0.0
dikonfirmasi,0.06357265065308819,0.0,0.0,0.0,0.0478052647905824,0.0,0.0,0.0,0.0,0.0
dikutip,0.0,0.0,0.0,0.0,0.0,0.0,0.032312924580507864,0.035163348920063967,0.0,0.03083796599785234
dilakukan,0.0,0.0,0.0,0.0,0.0,0.0,0.0,0.0,0.04181641152698899,0.0
dimainkanm,0.0,0.0,0.0,0.044869085927696034,0.0,0.0,0.0,0.0,0.0,0.0
dimunculkan,0.0,0.0,0.0,0.0,0.056235443672537196,0.0,0.0,0.0,0.0,0.0
dini,0.0,0.0,0.0,0.0,0.0,0.0,0.0,0.0,0.04181641152698899,0.0
dipapah,0.0,0.0,0.04077230431620901,0.0,0.0,0.0,0.0,0.0,0.0,0.0
dipastikan,0.0,0.022694597809737423,0.024211444290966222,0.02664419861825452,0.03339377880376811,0.0,0.025799821816304764,0.0,0.0,0.0
diperkuat,0.0,0.0,0.03466018362562405,0.0,0.0,0.0,0.0,0.0,0.0,0.03524814990508537
diperoleh,0.0,0.03821792029886614,0.0,0.0,0.0,0.0,0.0,0.0,0.0,0.0
dipimpin,0.06357265065308819,0.0,0.0,0.0,0.0478052647905824,0.0,0.0,0.0,0.0,0.0
diprediksi,0.0,0.0,0.08154460863241803,0.0,0.0,0.0,0.0,0.0,0.0,0.0
disaksikan,0.0,0.0,0.0,0.0,0.0,0.0,0.04344714729764544,0.0,0.0,0.0
disapa,0.0,0.0,0.04077230431620901,0.0,0.0,0.0,0.0,0.0,0.0,0.0
disebut,0.0,0.0,0.04077230431620901,0.0,0.0,0.0,0.0,0.0,0.0,0.0
diterimanya,0.0,0.0,0.0,0.0,0.0,0.0,0.0,0.0,0.0,0.04146395501064281
diunggah,0.07478331582466008,0.0,0.0,0.0,0.0,0.0,0.0,0.0,0.0,0.0
diunggulkan,0.0,0.0,0.0,0.0,0.0,0.03215130226526141,0.0,0.0,0.0,0.0
divisi,0.0,0.0,0.0,0.0,0.0,0.02733154426775643,0.0,0.040192112345721995,0.0,0.0
diwarnai,0.0,0.0,0.0,0.0,0.0,0.0,0.0,0.0,0.0,0.04146395501064281
dkk,0.0,0.0,0.0,0.0,0.0,0.03215130226526141,0.0,0.0,0.0,0.0
dokter,0.0,0.0,0.0,0.0,0.0,0.0,0.0,0.0,0.04181641152698899,0.0
domestik,0.0,0.0,0.0,0.0,0.0,0.09645390679578424,0.0,0.0,0.0,0.0
dortmund,0.0,0.06497744768482734,0.0,0.0,0.0,0.02733154426775643,0.0,0.0,0.0,0.0
dua,0.0,0.0,0.060647129963102356,0.0,0.0,0.02391187154694517,0.0,0.0,0.06220019660403813,0.0
duel,0.0,0.0,0.0,0.0,0.0,0.0,0.0,0.047279756315530296,0.0,0.0
dulu,0.0,0.0,0.0,0.0,0.0478052647905824,0.0,0.0,0.0,0.0,0.03524814990508537
dunia,0.0,0.0,0.13479911116785068,0.0,0.03718449545749185,0.0,0.028728505473128177,0.0,0.0,0.05483432319734133
edisi,0.0,0.0,0.0,0.0,0.056235443672537196,0.0,0.0,0.0,0.0,0.0
eks,0.0,0.0,0.04077230431620901,0.0,0.0,0.0,0.0,0.0,0.0,0.0
eksekutif,0.0,0.0,0.0,0.0,0.056235443672537196,0.0,0.0,0.0,0.0,0.0
ekshibisi,0.0,0.0,0.04077230431620901,0.0,0.0,0.0,0.0,0.0,0.0,0.0
el,0.0,0.0,0.0,0.0,0.0,0.0,0.0,0.09455951263106059,0.0,0.0
emas,0.05561855713029745,0.0,0.0,0.0,0.0,0.04782374309389034,0.0,0.0,0.031100098302019066,0.0
en,0.12714530130617638,0.0,0.0,0.0,0.0956105295811648,0.0,0.0,0.0,0.0,0.0
enam,0.0,0.0,0.03466018362562405,0.0,0.0,0.0,0.03693404453344233,0.0,0.0,0.0
enzo,0.0,0.03821792029886614,0.0,0.0,0.0,0.0,0.0,0.0,0.0,0.0
erick,0.0,0.0,0.0,0.0,0.0,0.0,0.0,0.0,0.37634770374290094,0.0
erling,0.0,0.0,0.0,0.0,0.0,0.41796692944839836,0.0,0.0,0.0,0.0
eropa,0.0,0.03248872384241367,0.0,0.0,0.0,0.02733154426775643,0.0,0.0,0.0,0.0
etihad,0.0,0.0284237942661899,0.0,0.06674092453736503,0.0,0.0,0.032312924580507864,0.0,0.0,0.0
europa,0.0,0.0,0.04077230431620901,0.0,0.0,0.0,0.0,0.0,0.0,0.0
europe,0.0,0.03821792029886614,0.0,0.0,0.0,0.0,0.0,0.0,0.0,0.0
exco,0.0,0.0,0.0,0.0,0.056235443672537196,0.0,0.0,0.0,0.0,0.0
fans,0.0,0.0,0.0,0.0,0.0,0.0,0.0,0.0,0.0,0.04146395501064281
fas,0.0,0.0,0.0,0.0,0.0,0.0,0.0,0.23639878157765146,0.0,0.0
fase,0.0,0.0,0.04077230431620901,0.0,0.0,0.0,0.0,0.0,0.0,0.0
fc,0.0,0.03248872384241367,0.0,0.0,0.0,0.0,0.0,0.20096056172861002,0.0,0.0
federasi,0.08029158973671506,0.0,0.043775447700836564,0.0,0.030188773540104182,0.0,0.0,0.12690553885839537,0.04489646014705719,0.022259021466645938
fifa,0.0,0.0,0.0,0.0,0.056235443672537196,0.0,0.0,0.0,0.0,0.0
final,0.0,0.0,0.03466018362562405,0.0,0.0,0.0,0.0,0.040192112345721995,0.0,0.0
fit,0.0,0.0,0.04077230431620901,0.0,0.0,0.0,0.0,0.0,0.0,0.0
five,0.0,0.03821792029886614,0.0,0.0,0.0,0.0,0.0,0.0,0.0,0.0
fjwezuh,0.06357265065308819,0.0,0.0,0.0,0.0478052647905824,0.0,0.0,0.0,0.0,0.0
foden,0.0,0.03821792029886614,0.0,0.0,0.0,0.0,0.0,0.0,0.0,0.0
fofana,0.0,0.03821792029886614,0.0,0.0,0.0,0.0,0.0,0.0,0.0,0.0
football,0.0,0.0,0.0,0.0,0.0,0.0,0.0,0.0,0.04181641152698899,0.0
forest,0.0,0.0,0.0,0.1144284668318041,0.0,0.0,0.03693404453344233,0.0,0.0,0.0
formasi,0.0,0.0284237942661899,0.0,0.03337046226868252,0.0,0.0,0.032312924580507864,0.0,0.0,0.0
foto,0.0,0.0,0.0,0.0,0.0,0.0,0.0,0.047279756315530296,0.0,0.0
frank,0.0,0.07643584059773229,0.0,0.0,0.0,0.0,0.0,0.0,0.0,0.0
from,0.0,0.03821792029886614,0.0,0.0,0.0,0.0,0.0,0.0,0.0,0.0
fulham,0.0,0.0,0.0,0.044869085927696034,0.0,0.0,0.0,0.0,0.0,0.0
futbol,0.06357265065308819,0.0,0.03466018362562405,0.0,0.0,0.0,0.0,0.0,0.0,0.0
gallagher,0.0,0.03821792029886614,0.0,0.0,0.0,0.0,0.0,0.0,0.0,0.0
gamblang,0.0,0.0,0.0,0.0,0.0,0.0,0.0,0.0,0.0,0.04146395501064281
games,0.0,0.0,0.0,0.0,0.0,0.0,0.0,0.0,0.04181641152698899,0.0
ganti,0.0,0.0,0.0,0.0,0.0,0.0,0.04344714729764544,0.0,0.0,0.0
garuda,0.0,0.0,0.0,0.0,0.056235443672537196,0.0,0.0,0.0,0.0,0.0
gawang,0.0,0.06497744768482734,0.0,0.0,0.0,0.0,0.0,0.0,0.0,0.03524814990508537
gelandang,0.0,0.0,0.0,0.0,0.0,0.0,0.04344714729764544,0.0,0.0,0.0
gelar,0.0,0.0,0.0,0.08900619678092864,0.0,0.042518734625682425,0.057457010946256354,0.0,0.027650216001288253,0.0
gira,0.06357265065308819,0.0,0.0,0.0,0.0478052647905824,0.0,0.0,0.0,0.0,0.0
goals,0.0,0.03821792029886614,0.0,0.0,0.0,0.0,0.0,0.0,0.0,0.0
gol,0.0,0.28423794266189895,0.0,0.03337046226868252,0.0,0.40650181629806786,0.0,0.0,0.0,0.0
golp,0.0,0.0,0.0,0.044869085927696034,0.0,0.0,0.0,0.0,0.0,0.0
gomez,0.0,0.03821792029886614,0.0,0.0,0.0,0.0,0.0,0.0,0.0,0.0
gonzalo,0.0,0.0,0.04077230431620901,0.0,0.0,0.0,0.0,0.0,0.0,0.0
grassroots,0.0,0.0,0.0,0.0,0.0,0.0,0.0,0.0,0.04181641152698899,0.0
guardiola,0.0,0.0568475885323798,0.0,0.03337046226868252,0.0,0.0,0.06462584916101573,0.0,0.0,0.0
guendogaan,0.0,0.0,0.0,0.0,0.0,0.0,0.04344714729764544,0.0,0.0,0.0
guendogan,0.0,0.0,0.0,0.0,0.0,0.0,0.08689429459529088,0.0,0.0,0.0
gunners,0.0,0.0,0.0,0.038142822277268035,0.0,0.0,0.03693404453344233,0.0,0.0,0.0
haaland,0.0,0.0568475885323798,0.0,0.0,0.0,0.33476620165723237,0.032312924580507864,0.0,0.0,0.0
hal,0.0,0.0,0.0,0.0,0.0,0.0,0.0,0.0,0.0,0.04146395501064281
hall,0.0,0.03821792029886614,0.0,0.0,0.0,0.0,0.0,0.0,0.0,0.0
hampir,0.0,0.0,0.04077230431620901,0.0,0.0,0.0,0.0,0.0,0.0,0.0
handsball,0.0,0.03821792029886614,0.0,0.0,0.0,0.0,0.0,0.0,0.0,0.0
hanya,0.0,0.0,0.0,0.038142822277268035,0.0,0.02733154426775643,0.0,0.0,0.0,0.0
hari,0.09889776574969056,0.0,0.0,0.0,0.0743689909149837,0.0,0.028728505473128177,0.0,0.0,0.08225148479601199
harry,0.0,0.0,0.0,0.0,0.0,0.12860520906104564,0.0,0.0,0.0,0.0
harus,0.0,0.0,0.03466018362562405,0.07628564455453607,0.0,0.0,0.0,0.0,0.0,0.0
hasil,0.0,0.0,0.0,0.06674092453736503,0.0,0.02391187154694517,0.032312924580507864,0.0,0.0,0.0
have,0.0,0.03821792029886614,0.0,0.0,0.0,0.0,0.0,0.0,0.0,0.0
havertz,0.0,0.03821792029886614,0.0,0.0,0.0,0.0,0.0,0.0,0.0,0.0
hendak,0.0,0.0,0.0,0.0,0.0,0.0,0.0,0.0,0.04181641152698899,0.0
hingga,0.0,0.0,0.03466018362562405,0.038142822277268035,0.0,0.0,0.0,0.0,0.0,0.0
hiroshima,0.0,0.0,0.0,0.0,0.0,0.0,0.0,0.0,0.08363282305397798,0.0
hitam,0.0,0.0,0.0,0.0,0.056235443672537196,0.0,0.0,0.0,0.0,0.0
hitung,0.0,0.0284237942661899,0.0,0.0,0.0,0.02391187154694517,0.032312924580507864,0.0,0.0,0.0
hitungan,0.0,0.0284237942661899,0.0,0.0,0.0,0.02391187154694517,0.032312924580507864,0.0,0.0,0.0
home,0.0,0.03821792029886614,0.0,0.0,0.0,0.0,0.0,0.0,0.0,0.0
hotspur,0.0,0.0,0.0,0.0,0.0,0.03215130226526141,0.0,0.0,0.0,0.0
hubungan,0.0,0.0,0.0,0.0,0.0,0.0,0.0,0.0,0.04181641152698899,0.0
ia,0.0,0.0,0.0,0.0,0.0,0.02733154426775643,0.0,0.0,0.03554777014439938,0.0
ide,0.0,0.0,0.0,0.0,0.056235443672537196,0.0,0.0,0.0,0.0,0.0
ilkay,0.0,0.0,0.0,0.0,0.0,0.0,0.1303414418929363,0.0,0.0,0.0
impresif,0.0,0.0,0.0,0.0,0.0,0.09645390679578424,0.0,0.0,0.0,0.0
in,0.0,0.07643584059773229,0.0,0.0,0.0,0.0,0.0,0.0,0.0,0.0
indonesia,0.310855243711079,0.0,0.12105722145483111,0.0,0.33393778803768104,0.0,0.0,0.028075704950255673,0.14898874151657676,0.0
informasi,0.0,0.0,0.0,0.0,0.0,0.0,0.04344714729764544,0.0,0.0,0.0
ingatkan,0.0,0.0,0.0,0.0,0.0,0.0,0.0,0.047279756315530296,0.0,0.0
inggris,0.0,0.12635394965701854,0.0,0.29668732260309544,0.0,0.2125936731284121,0.2585565492581536,0.0,0.0,0.0
ingin,0.0,0.0,0.0,0.0,0.0,0.0,0.0,0.0,0.04181641152698899,0.0
inginkan,0.0,0.0,0.0,0.0,0.0,0.0,0.0,0.0,0.04181641152698899,0.0
ini,0.0,0.020516458406456217,0.0,0.0,0.0,0.0517791798046798,0.09329462026616503,0.05076221554335815,0.022448230073528596,0.26710825759975126
injury,0.0,0.0,0.0,0.0,0.0,0.0,0.0,0.0,0.0,0.04146395501064281
insiden,0.0,0.0,0.0,0.0,0.0,0.0,0.0,0.14183926894659088,0.0,0.0
inspirasi,0.0,0.0,0.0,0.0,0.0,0.0,0.0,0.0,0.04181641152698899,0.0
instagram,0.0,0.0,0.0,0.0,0.0,0.0,0.0,0.0,0.03554777014439938,0.03524814990508537
invasi,0.0,0.0,0.0,0.0,0.0,0.0,0.0,0.047279756315530296,0.0,0.0
investigasi,0.0,0.0,0.0,0.0,0.0,0.0,0.0,0.047279756315530296,0.0,0.0
italia,0.0,0.0,0.0,0.0,0.0,0.0,0.0,0.0,0.0,0.04146395501064281
itu,0.0331972267871537,0.016965401353284955,0.09049661800190635,0.05975380490347958,0.024963599921813316,0.0,0.0,0.04197612196089477,0.03712563107367971,0.03681271157347493
jadi,0.0,0.0,0.0,0.0,0.0,0.0,0.03693404453344233,0.040192112345721995,0.0,0.0
jadwal,0.13322367587617673,0.022694597809737423,0.024211444290966222,0.0,0.06678755760753621,0.0,0.025799821816304764,0.0,0.0,0.0
jakarta,0.05561855713029745,0.0,0.060647129963102356,0.0,0.0836479153714458,0.0,0.0,0.0,0.0,0.0
jauh,0.0,0.0,0.0,0.0,0.0,0.03215130226526141,0.0,0.0,0.0,0.0
jawara,0.0,0.0,0.0,0.044869085927696034,0.0,0.0,0.0,0.0,0.0,0.0
jelasnya,0.0,0.0,0.0,0.0,0.0,0.0,0.04344714729764544,0.0,0.0,0.0
jepang,0.0,0.0,0.0,0.0,0.0,0.0,0.0,0.0,0.20908205763494497,0.0
jerman,0.0,0.0,0.0,0.0,0.0,0.03215130226526141,0.0,0.0,0.0,0.0
jfa,0.0,0.0,0.0,0.0,0.0,0.0,0.0,0.0,0.20908205763494497,0.0
jika,0.0,0.0,0.0,0.0,0.0,0.03215130226526141,0.0,0.0,0.0,0.0
jiwa,0.0,0.0,0.0,0.0,0.0,0.0,0.0,0.047279756315530296,0.0,0.0
joe,0.0,0.03821792029886614,0.0,0.0,0.0,0.0,0.0,0.0,0.0,0.0
joko,0.0,0.0,0.0,0.0,0.0,0.0,0.0,0.0,0.08363282305397798,0.0
juara,0.03645379843593483,0.09314834116756826,0.019874825646893343,0.19684654748702102,0.027412471698908595,0.06268976331451571,0.10589350931685146,0.0,0.0,0.0
juga,0.0276489023281906,0.042389811171550544,0.030148688843304603,0.04976702198972191,0.04158275873003556,0.047547943348252124,0.048189863694502844,0.052440842588488884,0.07730185973138465,0.061320246613173666
julian,0.0,0.22742106689689567,0.0,0.038142822277268035,0.0,0.0,0.0,0.0,0.0,0.0
jumlah,0.0,0.0,0.0,0.0,0.0,0.03215130226526141,0.0,0.0,0.0,0.0
juni,0.16685567139089236,0.0,0.12129425992620471,0.0,0.1672958307428916,0.0,0.0,0.0,0.0,0.0
junior,0.0,0.0,0.0,0.0,0.0,0.0,0.0,0.0,0.0,0.08292791002128562
jurus,0.0,0.0284237942661899,0.0,0.03337046226868252,0.0,0.0,0.032312924580507864,0.0,0.0,0.0
kabar,0.0,0.0,0.04077230431620901,0.0,0.0,0.0,0.0,0.0,0.0,0.0
kala,0.0,0.0,0.12231691294862702,0.0,0.0,0.0,0.0,0.0,0.0,0.0
kalah,0.0,0.0,0.0,0.038142822277268035,0.0,0.0,0.0,0.040192112345721995,0.0,0.0
kali,0.0,0.0284237942661899,0.0,0.0,0.0418239576857229,0.0,0.0,0.0,0.0,0.03083796599785234
kalinya,0.0,0.0,0.0,0.044869085927696034,0.0,0.0,0.0,0.0,0.0,0.0
kami,0.0,0.0,0.0,0.0,0.0418239576857229,0.0,0.06462584916101573,0.035163348920063967,0.0,0.0
kandang,0.0,0.097466171527241,0.0,0.0,0.0,0.0,0.0,0.0,0.0,0.03524814990508537
kane,0.0,0.0,0.0,0.0,0.0,0.12860520906104564,0.0,0.0,0.0,0.0
kanjuruhan,0.0,0.0,0.0,0.0,0.0,0.0,0.0,0.14183926894659088,0.0,0.0
karena,0.0,0.0,0.024211444290966222,0.02664419861825452,0.0,0.01909211354944019,0.0,0.0,0.024831456919429458,0.024622160892294902
kartu,0.0,0.0,0.0,0.0,0.0,0.0,0.0,0.0,0.0,0.08292791002128562
kasih,0.0,0.0,0.0,0.0,0.0,0.0,0.08689429459529088,0.0,0.0,0.0
kasta,0.0,0.0,0.0,0.03337046226868252,0.0,0.04782374309389034,0.032312924580507864,0.0,0.0,0.0
kata,0.0,0.0,0.0,0.0,0.03718449545749185,0.0,0.028728505473128177,0.031262736970362345,0.0,0.05483432319734133
ke,0.0663944535743074,0.08482700676642478,0.03619864720076254,0.15934347974261223,0.07489079976543994,0.0,0.019286719052101668,0.06296418294134215,0.0,0.018406355786737466
kecewa,0.0,0.0,0.0,0.0,0.0,0.0,0.0,0.0,0.0,0.04146395501064281
kecil,0.0,0.0,0.0,0.0,0.0,0.03215130226526141,0.0,0.0,0.0,0.0
kedua,0.0,0.0,0.0,0.029668732260309548,0.0,0.021259367312841213,0.028728505473128177,0.0,0.0,0.027417161598670664
kehebatan,0.0,0.0,0.0,0.0,0.0,0.03215130226526141,0.0,0.0,0.0,0.0
kejadian,0.0,0.0,0.0,0.0,0.0,0.0,0.0,0.0,0.0,0.04146395501064281
kejaksaan,0.0,0.0,0.0,0.0,0.0,0.0,0.0,0.047279756315530296,0.0,0.0
kekalahan,0.0,0.0,0.0,0.08973817185539207,0.0,0.0,0.0,0.0,0.0,0.0
kekesalannya,0.0,0.0,0.0,0.0,0.0,0.0,0.0,0.0,0.0,0.04146395501064281
kelima,0.0,0.0,0.0,0.0,0.0,0.0,0.04344714729764544,0.0,0.0,0.0
keluar,0.0,0.0,0.04077230431620901,0.0,0.0,0.0,0.0,0.0,0.0,0.0
kembali,0.0,0.0,0.0,0.038142822277268035,0.0,0.0,0.0,0.0,0.0,0.03524814990508537
kemenangan,0.0,0.0284237942661899,0.0,0.03337046226868252,0.0,0.0,0.0,0.0,0.0,0.03083796599785234
kemudian,0.0,0.0,0.0,0.044869085927696034,0.0,0.0,0.0,0.0,0.0,0.0
kemungkinan,0.0,0.0,0.08154460863241803,0.0,0.0,0.0,0.0,0.0,0.0,0.0
kena,0.0,0.0,0.0,0.0,0.0,0.0,0.0,0.0,0.0,0.04146395501064281
kental,0.0,0.0,0.0,0.0,0.0,0.0,0.0,0.0,0.0,0.04146395501064281
kepa,0.0,0.03821792029886614,0.0,0.0,0.0,0.0,0.0,0.0,0.0,0.0
kepada,0.0,0.022694597809737423,0.0,0.0,0.03339377880376811,0.01909211354944019,0.05159964363260953,0.0,0.0,0.049244321784589803
kepastian,0.0,0.0,0.0,0.044869085927696034,0.0,0.0,0.0,0.0,0.0,0.0
keping,0.0,0.0,0.04077230431620901,0.0,0.0,0.0,0.0,0.0,0.0,0.0
kepolisian,0.0,0.0,0.0,0.0,0.0,0.0,0.0,0.09455951263106059,0.0,0.0
kerabat,0.0,0.0,0.0,0.0,0.0,0.0,0.0,0.047279756315530296,0.0,0.0
keras,0.0,0.0,0.04077230431620901,0.0,0.0,0.0,0.0,0.0,0.0,0.0
kerja,0.0,0.0,0.0,0.0,0.0,0.0,0.0,0.0,0.250898469161934,0.0
kesepakatan,0.0,0.0,0.0,0.0,0.056235443672537196,0.0,0.0,0.0,0.0,0.0
ketajaman,0.0,0.0284237942661899,0.0,0.0,0.0,0.04782374309389034,0.032312924580507864,0.0,0.0,0.0
keterangan,0.04944888287484528,0.0,0.0,0.029668732260309548,0.03718449545749185,0.0,0.0,0.031262736970362345,0.0,0.0
ketertinggalan,0.0,0.0,0.0,0.0,0.0,0.03215130226526141,0.0,0.0,0.0,0.0
ketiga,0.0,0.0,0.0,0.03337046226868252,0.0,0.0,0.032312924580507864,0.0,0.0,0.03083796599785234
ketika,0.0,0.0,0.030323564981551178,0.03337046226868252,0.0,0.0,0.0,0.0,0.0,0.03083796599785234
ketua,0.0,0.0,0.0,0.0,0.0478052647905824,0.0,0.0,0.0,0.03554777014439938,0.0
ketum,0.0,0.0,0.0,0.0,0.0,0.0,0.0,0.0,0.08363282305397798,0.0
keunggulan,0.0,0.03248872384241367,0.03466018362562405,0.0,0.0,0.0,0.0,0.0,0.0,0.0
kini,0.0,0.0,0.060647129963102356,0.03337046226868252,0.0,0.0,0.0,0.0,0.0,0.03083796599785234
kiper,0.0,0.0,0.0,0.0,0.0,0.0,0.0,0.0,0.0,0.04146395501064281
kirim,0.0,0.0,0.0,0.0,0.0,0.0,0.0,0.0,0.04181641152698899,0.0
kiriman,0.0,0.0,0.0,0.0,0.0,0.0,0.0,0.0,0.04181641152698899,0.0
kita,0.0,0.0,0.0,0.0,0.0,0.0,0.0,0.0,0.08363282305397798,0.0
klasemen,0.0,0.025270789931403713,0.0,0.08900619678092864,0.0,0.021259367312841213,0.11491402189251271,0.0,0.0,0.0
klub,0.0,0.0,0.0,0.038142822277268035,0.0,0.0,0.07386808906688466,0.0,0.0,0.0
koleganya,0.0,0.0,0.04077230431620901,0.0,0.0,0.0,0.0,0.0,0.0,0.0
koleksi,0.0,0.0,0.0,0.07628564455453607,0.0,0.08199463280326928,0.0,0.0,0.0,0.0
komite,0.0,0.0,0.0,0.0,0.056235443672537196,0.0,0.0,0.0,0.0,0.0
kompas,0.0276489023281906,0.014129937057183515,0.015074344421652302,0.016589007329907306,0.04158275873003556,0.011886985837063031,0.016063287898167616,0.017480280862829628,0.015460371946276929,0.015330061653293417
kompetisi,0.0,0.0568475885323798,0.0,0.0,0.0,0.04782374309389034,0.0,0.0,0.0,0.03083796599785234
kompetitif,0.0,0.0,0.0,0.0,0.0,0.0,0.04344714729764544,0.0,0.0,0.0
kondisi,0.0,0.0,0.04077230431620901,0.0,0.0,0.0,0.0,0.0,0.0,0.0
konferensi,0.0,0.0,0.0,0.0,0.0,0.0,0.0,0.0,0.04181641152698899,0.0
konfirmasi,0.0,0.0,0.0693203672512481,0.0,0.0478052647905824,0.0,0.0,0.0,0.0,0.0
kontra,0.0,0.0,0.0,0.038142822277268035,0.0478052647905824,0.0,0.0,0.0,0.0,0.0
kontribusi,0.0,0.03821792029886614,0.0,0.0,0.0,0.0,0.0,0.0,0.0,0.0
korban,0.0,0.0,0.0,0.0,0.0,0.0,0.0,0.040192112345721995,0.0,0.03524814990508537
kotak,0.0,0.07643584059773229,0.0,0.0,0.0,0.0,0.0,0.0,0.0,0.0
kotribusi,0.0,0.0,0.0,0.0,0.0,0.03215130226526141,0.0,0.0,0.0,0.0
koulibaly,0.0,0.03821792029886614,0.0,0.0,0.0,0.0,0.0,0.0,0.0,0.0
ktt,0.0,0.0,0.0,0.0,0.0,0.0,0.0,0.0,0.08363282305397798,0.0
kualifikasi,0.0,0.0,0.04077230431620901,0.0,0.0,0.0,0.0,0.0,0.0,0.0
kualitas,0.0,0.0,0.0,0.0,0.0,0.0,0.0,0.0,0.125449234580967,0.0
kulit,0.0,0.03821792029886614,0.0,0.0,0.0,0.0,0.0,0.0,0.0,0.0
kurnia,0.0,0.0,0.0,0.0,0.0,0.0,0.0,0.0,0.04181641152698899,0.0
la,0.0,0.0,0.0,0.0,0.0,0.0,0.0,0.0,0.0,0.08292791002128562
laga,0.1327889071486148,0.03393080270656991,0.0,0.03983586993565306,0.12481799960906659,0.028544711103870423,0.057860157156305,0.06296418294134215,0.0,0.018406355786737466
lagi,0.0,0.0,0.0,0.0,0.0,0.05466308853551286,0.0,0.0,0.0,0.03524814990508537
lain,0.0,0.0,0.0,0.029668732260309548,0.0,0.021259367312841213,0.028728505473128177,0.06252547394072469,0.0,0.0
lainnya,0.0,0.0,0.0,0.0,0.0,0.0,0.0,0.09455951263106059,0.0,0.0
laliga,0.0,0.0,0.0,0.0,0.0,0.03215130226526141,0.0,0.0,0.0,0.0
lalu,0.04944888287484528,0.025270789931403713,0.0,0.0,0.0,0.0,0.028728505473128177,0.06252547394072469,0.0,0.0
lama,0.0,0.0,0.0,0.038142822277268035,0.0,0.0,0.0,0.0,0.03554777014439938,0.0
laman,0.06357265065308819,0.0,0.03466018362562405,0.0,0.0,0.0,0.0,0.0,0.0,0.0
lampard,0.0,0.07643584059773229,0.0,0.0,0.0,0.0,0.0,0.0,0.0,0.0
langsung,0.0,0.0284237942661899,0.0,0.03337046226868252,0.0,0.0,0.0,0.0,0.031100098302019066,0.0
lanjut,0.0,0.0,0.0,0.0,0.0,0.0,0.0,0.0,0.04181641152698899,0.0
lanjutan,0.0,0.03248872384241367,0.0,0.0,0.0,0.0,0.03693404453344233,0.0,0.0,0.0
lapangan,0.0,0.0,0.0,0.0,0.0,0.0,0.0,0.09455951263106059,0.0,0.0
laporan,0.0,0.0,0.0,0.0,0.0,0.0,0.0,0.047279756315530296,0.0,0.0
laporte,0.0,0.03821792029886614,0.0,0.0,0.0,0.0,0.0,0.0,0.0,0.0
latihan,0.0,0.0,0.04077230431620901,0.0,0.0,0.0,0.0,0.0,0.0,0.0
lawan,0.0,0.0,0.060647129963102356,0.0,0.0836479153714458,0.0,0.0,0.0,0.0,0.03083796599785234
league,0.0,0.050541579862807426,0.0,0.059337464520619096,0.0,0.021259367312841213,0.20109953831189725,0.0,0.0,0.0
leagues,0.0,0.03821792029886614,0.0,0.0,0.0,0.0,0.0,0.0,0.0,0.0
lebih,0.0,0.0284237942661899,0.0,0.0,0.0418239576857229,0.02391187154694517,0.0,0.0,0.0,0.0
leg,0.0,0.0,0.04077230431620901,0.0,0.0,0.0,0.0,0.0,0.0,0.0
lengkap,0.0,0.0,0.04077230431620901,0.0,0.0,0.0,0.0,0.0,0.0,0.0
leo,0.0,0.0,0.0,0.0,0.0,0.0,0.0,0.0,0.0,0.04146395501064281
lewandowski,0.0,0.0,0.0,0.0,0.0,0.03215130226526141,0.0,0.0,0.0,0.0
licha,0.0,0.0,0.08154460863241803,0.0,0.0,0.0,0.0,0.0,0.0,0.0
liga,0.0,0.10179240811970973,0.01809932360038127,0.1991793496782653,0.0,0.21408533327902818,0.173580471468915,0.020988060980447386,0.11137689322103912,0.11043813472042478
ligue,0.0,0.0,0.0,0.0,0.0,0.03215130226526141,0.0,0.0,0.0,0.0
lima,0.0,0.03248872384241367,0.03466018362562405,0.0,0.0,0.0,0.0,0.0,0.0,0.0
lini,0.0,0.0,0.04077230431620901,0.0,0.0,0.0,0.0,0.0,0.0,0.0
link,0.0,0.0,0.0,0.0,0.0,0.0,0.1303414418929363,0.0,0.0,0.0
lionel,0.04944888287484528,0.0,0.0808794667007104,0.0,0.03718449545749185,0.06377810193852364,0.0,0.0,0.0,0.0
lisandro,0.0,0.0,0.28540613021346306,0.0,0.0,0.0,0.0,0.0,0.0,0.0
live,0.0,0.0,0.0,0.0,0.0,0.0,0.04344714729764544,0.0,0.0,0.0
loftus,0.0,0.03821792029886614,0.0,0.0,0.0,0.0,0.0,0.0,0.0,0.0
longsoran,0.0,0.0,0.0,0.0,0.0,0.0,0.0,0.09455951263106059,0.0,0.0
luis,0.0,0.0,0.0,0.0,0.0,0.02733154426775643,0.0,0.040192112345721995,0.0,0.0
luka,0.0,0.0,0.0,0.0,0.0,0.0,0.0,0.09455951263106059,0.0,0.0
maaf,0.0,0.0,0.0,0.0,0.0,0.0,0.0,0.0,0.0,0.04146395501064281
madrid,0.0,0.06497744768482734,0.0,0.0,0.0,0.0,0.0,0.0,0.0,0.1057444497152561
madueke,0.0,0.03821792029886614,0.0,0.0,0.0,0.0,0.0,0.0,0.0,0.0
mahrez,0.0,0.11465376089659843,0.0,0.0,0.0,0.0,0.0,0.0,0.0,0.0
malam,0.0,0.03821792029886614,0.0,0.0,0.0,0.0,0.0,0.0,0.0,0.0
mampu,0.0,0.0,0.0,0.0,0.0,0.03215130226526141,0.0,0.0,0.0,0.0
man,0.0,0.3177243693363239,0.048422888581932444,0.34637458203730875,0.0,0.07636845419776075,0.3611975054282667,0.0,0.0,0.0
mana,0.0,0.03248872384241367,0.0,0.0,0.0,0.0,0.0,0.0,0.0,0.03524814990508537
manajer,0.0,0.0,0.0,0.0,0.0,0.0,0.0,0.047279756315530296,0.0,0.0
manchester,0.0,0.1516247395884223,0.0,0.029668732260309548,0.0,0.021259367312841213,0.057457010946256354,0.0,0.0,0.0
marcos,0.0,0.0,0.04077230431620901,0.0,0.0,0.0,0.0,0.0,0.0,0.0
maret,0.0,0.0,0.0,0.0,0.056235443672537196,0.0,0.0,0.0,0.0,0.0
martinez,0.0,0.0,0.28540613021346306,0.0,0.0,0.0,0.0,0.0,0.0,0.0
masa,0.07478331582466008,0.0,0.0,0.0,0.0,0.0,0.0,0.0,0.0,0.0
masih,0.0,0.0,0.03466018362562405,0.0,0.0,0.13665772133878215,0.0,0.0,0.0,0.0
masuk,0.0,0.0,0.0,0.0,0.0478052647905824,0.0,0.0,0.120576337037166,0.0,0.0
masyarakat,0.0,0.0,0.0,0.0,0.0,0.0,0.0,0.0,0.0,0.04146395501064281
matchday,0.0,0.0,0.0,0.0,0.056235443672537196,0.0,0.0,0.0,0.0,0.0
matches,0.0,0.03821792029886614,0.0,0.0,0.0,0.0,0.0,0.0,0.0,0.0
maupun,0.0,0.0,0.0,0.0,0.0,0.0,0.0,0.047279756315530296,0.0,0.0
media,0.0,0.0,0.04077230431620901,0.0,0.0,0.0,0.0,0.0,0.0,0.0
meiga,0.0,0.0,0.0,0.0,0.0,0.0,0.0,0.0,0.04181641152698899,0.0
melakoni,0.0,0.0,0.0693203672512481,0.0,0.0,0.0,0.03693404453344233,0.0,0.0,0.0
melakukan,0.0,0.025270789931403713,0.053919644467140274,0.0,0.0,0.0,0.0,0.06252547394072469,0.027650216001288253,0.0
melalui,0.14834664862453584,0.050541579862807426,0.026959822233570137,0.0,0.0,0.0,0.0,0.0,0.0,0.027417161598670664
melampaui,0.0,0.0,0.0,0.0,0.0,0.03215130226526141,0.0,0.0,0.0,0.0
melawan,0.16058317947343012,0.041032916812912434,0.08755089540167313,0.02408699186068994,0.060377547080208364,0.0,0.046647310133082515,0.0,0.0,0.0
melepaskan,0.0,0.03821792029886614,0.0,0.0,0.0,0.0,0.0,0.0,0.0,0.0
melewatkan,0.0,0.0,0.04077230431620901,0.0,0.0,0.0,0.0,0.0,0.0,0.0
meluncur,0.0,0.03821792029886614,0.0,0.0,0.0,0.0,0.0,0.0,0.0,0.0
memakan,0.0,0.0,0.04077230431620901,0.0,0.0,0.0,0.0,0.0,0.0,0.0
memaksa,0.0,0.0,0.0,0.0,0.0,0.0,0.0,0.047279756315530296,0.0,0.0
memastikannya,0.0,0.0,0.0,0.0,0.056235443672537196,0.0,0.0,0.0,0.0,0.0
membantu,0.0,0.0,0.0,0.0,0.0,0.0,0.17378858919058177,0.0,0.0,0.0
membawa,0.0,0.0568475885323798,0.030323564981551178,0.03337046226868252,0.0,0.0,0.0,0.0,0.0,0.0
membela,0.0,0.0,0.04077230431620901,0.0,0.0,0.0,0.0,0.0,0.0,0.0
membelanya,0.0,0.0,0.0,0.0,0.0,0.0,0.0,0.0,0.0,0.04146395501064281
membicarakan,0.0,0.0,0.0,0.0,0.0,0.0,0.0,0.0,0.04181641152698899,0.0
membuka,0.0,0.03821792029886614,0.0,0.0,0.0,0.0,0.0,0.0,0.0,0.0
membuntuti,0.0,0.0,0.0,0.0,0.0,0.03215130226526141,0.0,0.0,0.0,0.0
memenangi,0.0,0.0284237942661899,0.030323564981551178,0.03337046226868252,0.0,0.0,0.0,0.0,0.0,0.0
memiliki,0.0,0.0,0.0,0.03337046226868252,0.0,0.04782374309389034,0.032312924580507864,0.0,0.0,0.0
memimpin,0.0,0.03248872384241367,0.0,0.0,0.0,0.02733154426775643,0.0,0.0,0.0,0.0
memperlihatkan,0.0,0.0,0.0,0.0,0.0,0.0,0.0,0.0,0.0,0.04146395501064281
mempertahankan,0.0,0.0,0.0,0.044869085927696034,0.0,0.0,0.0,0.0,0.0,0.0
mempertemukan,0.0,0.0,0.0,0.0,0.0478052647905824,0.0,0.0,0.040192112345721995,0.0,0.0
memulai,0.0,0.0,0.04077230431620901,0.0,0.0,0.0,0.0,0.0,0.0,0.0
menambah,0.0,0.0,0.0,0.0,0.0,0.03215130226526141,0.0,0.0,0.0,0.0
menampik,0.0,0.0,0.0,0.0,0.0,0.0,0.0,0.0,0.0,0.04146395501064281
menang,0.0,0.0284237942661899,0.030323564981551178,0.03337046226868252,0.0,0.0,0.0,0.0,0.0,0.0
menangs,0.0,0.0,0.0,0.044869085927696034,0.0,0.0,0.0,0.0,0.0,0.0
mencapai,0.0,0.0,0.0,0.0,0.0,0.06430260453052282,0.0,0.0,0.0,0.0
mencetak,0.0,0.03248872384241367,0.0,0.0,0.0,0.02733154426775643,0.0,0.0,0.0,0.0
menciptakan,0.0,0.0,0.0,0.0,0.0,0.0,0.0,0.0,0.08363282305397798,0.0
mendampingi,0.0,0.0,0.0,0.0,0.0,0.0,0.0,0.0,0.08363282305397798,0.0
mendatang,0.05561855713029745,0.0,0.060647129963102356,0.0,0.0418239576857229,0.0,0.0,0.0,0.0,0.0
mendengarkan,0.0,0.0,0.0,0.0,0.0,0.0,0.0,0.0,0.0,0.04146395501064281
menduduki,0.0,0.0,0.0,0.07628564455453607,0.0,0.0,0.03693404453344233,0.0,0.0,0.0
mendukungnya,0.0,0.0,0.0,0.0,0.0,0.0,0.0,0.0,0.0,0.04146395501064281
menegaskan,0.0,0.0,0.0,0.044869085927696034,0.0,0.0,0.0,0.0,0.0,0.0
menelan,0.0,0.0,0.0,0.08973817185539207,0.0,0.0,0.0,0.0,0.0,0.0
menempati,0.0,0.0,0.0,0.038142822277268035,0.0,0.0,0.03693404453344233,0.0,0.0,0.0
menerima,0.0,0.03248872384241367,0.0,0.0,0.0,0.0,0.0,0.0,0.0,0.03524814990508537
menerobos,0.0,0.0,0.0,0.0,0.0,0.0,0.0,0.047279756315530296,0.0,0.0
menetapkan,0.0,0.0,0.0,0.0,0.056235443672537196,0.0,0.0,0.0,0.0,0.0
mengaku,0.0,0.0,0.0,0.0,0.0,0.0,0.0,0.0,0.0,0.04146395501064281
mengalahkan,0.0,0.0284237942661899,0.0,0.0,0.0,0.02391187154694517,0.032312924580507864,0.0,0.0,0.0
mengalami,0.0,0.0,0.0,0.0,0.0,0.0,0.0,0.047279756315530296,0.0,0.0
mengalaminya,0.0,0.0,0.0,0.0,0.0,0.0,0.0,0.0,0.0,0.04146395501064281
mengamankan,0.0,0.0,0.04077230431620901,0.0,0.0,0.0,0.0,0.0,0.0,0.0
mengangkat,0.0,0.0,0.0,0.044869085927696034,0.0,0.0,0.0,0.0,0.0,0.0
mengantongi,0.0,0.0,0.0,0.044869085927696034,0.0,0.0,0.0,0.0,0.0,0.0
mengatakan,0.0,0.0,0.0,0.0,0.0478052647905824,0.0,0.0,0.0,0.03554777014439938,0.0
mengecam,0.0,0.0,0.0,0.0,0.0,0.0,0.0,0.0,0.0,0.04146395501064281
mengejar,0.0,0.0,0.0,0.038142822277268035,0.0,0.05466308853551286,0.0,0.0,0.0,0.0
mengemas,0.0,0.03821792029886614,0.0,0.0,0.0,0.0,0.0,0.0,0.0,0.0
mengemuka,0.0,0.0,0.0,0.0,0.056235443672537196,0.0,0.0,0.0,0.0,0.0
mengenai,0.0,0.0,0.0,0.0,0.0836479153714458,0.0,0.032312924580507864,0.035163348920063967,0.0,0.0
menggambarkan,0.0,0.0,0.0,0.0,0.0,0.0,0.0,0.047279756315530296,0.0,0.0
menggeser,0.0,0.0,0.0,0.0,0.0,0.0,0.04344714729764544,0.0,0.0,0.0
menggunakan,0.0,0.0,0.0,0.0,0.0,0.0,0.0,0.0,0.0,0.04146395501064281
menghadapi,0.0,0.0,0.030323564981551178,0.0,0.0418239576857229,0.0,0.032312924580507864,0.0,0.0,0.0
mengingat,0.0,0.0,0.04077230431620901,0.0,0.0,0.0,0.0,0.0,0.0,0.0
mengira,0.0,0.0,0.0,0.0,0.0,0.0,0.0,0.0,0.0,0.04146395501064281
mengonfirmasi,0.16685567139089236,0.0,0.030323564981551178,0.0,0.0418239576857229,0.0,0.0,0.0,0.0,0.0
mengontrol,0.0,0.03821792029886614,0.0,0.0,0.0,0.0,0.0,0.0,0.0,0.0
mengucapkan,0.0,0.0,0.0,0.0,0.0,0.0,0.04344714729764544,0.0,0.0,0.0
mengukir,0.0,0.0,0.0,0.0,0.0,0.03215130226526141,0.0,0.0,0.0,0.0
mengumpulkan,0.0,0.0,0.0,0.0,0.0,0.0,0.04344714729764544,0.0,0.0,0.0
mengumumkan,0.0,0.0,0.04077230431620901,0.0,0.0,0.0,0.0,0.0,0.0,0.0
mengungguli,0.0,0.03821792029886614,0.0,0.0,0.0,0.0,0.0,0.0,0.0,0.0
mengungkapkan,0.0,0.0,0.0,0.0,0.0,0.0,0.0,0.08038422469144399,0.07109554028879876,0.0
menimbulkan,0.0,0.0,0.0,0.0,0.0,0.0,0.0,0.047279756315530296,0.0,0.0
meninggal,0.0,0.0,0.0,0.0,0.0,0.0,0.0,0.047279756315530296,0.0,0.0
meningkatkan,0.0,0.0,0.0,0.0,0.0,0.0,0.0,0.0,0.04181641152698899,0.0
menit,0.0,0.0568475885323798,0.0,0.03337046226868252,0.0,0.0,0.0,0.0,0.0,0.03083796599785234
menjabat,0.0,0.0,0.0,0.0,0.0,0.0,0.0,0.0,0.04181641152698899,0.0
menjadi,0.0,0.0,0.021887723850418282,0.02408699186068994,0.0,0.06903890640623973,0.023323655066541257,0.025381107771679075,0.0,0.06677706439993782
menjalani,0.0,0.0,0.08154460863241803,0.0,0.0,0.0,0.0,0.0,0.0,0.0
menjalin,0.0,0.0,0.0,0.0,0.0,0.0,0.0,0.0,0.04181641152698899,0.0
menjuarai,0.0,0.0,0.0,0.0,0.0,0.0,0.08689429459529088,0.0,0.0,0.0
menorehkan,0.0,0.0,0.0,0.0,0.0,0.0,0.04344714729764544,0.0,0.0,0.0
menteri,0.0,0.0,0.0,0.0,0.0,0.0,0.0,0.0,0.04181641152698899,0.0
menuangkan,0.0,0.0,0.0,0.0,0.0,0.0,0.0,0.0,0.0,0.04146395501064281
menuju,0.0,0.0,0.03466018362562405,0.0,0.0,0.0,0.0,0.0,0.03554777014439938,0.0
menulis,0.14956663164932016,0.0,0.0,0.0,0.0,0.0,0.0,0.0,0.0,0.0
menuliskan,0.0,0.0,0.0,0.0,0.056235443672537196,0.0,0.0,0.0,0.0,0.0
menunjukkan,0.0,0.0,0.0,0.0,0.0,0.02391187154694517,0.032312924580507864,0.0,0.0,0.03083796599785234
menurut,0.0,0.03248872384241367,0.0,0.0,0.0,0.0,0.0,0.040192112345721995,0.0,0.0
menyala,0.0,0.0,0.0,0.0,0.0,0.0,0.0,0.047279756315530296,0.0,0.0
menyatakan,0.0,0.0,0.0,0.0,0.11247088734507439,0.0,0.0,0.0,0.0,0.0
menyebut,0.0,0.0,0.0693203672512481,0.0,0.0,0.0,0.0,0.0,0.0,0.03524814990508537
menyediaaakan,0.0,0.0,0.0,0.0,0.0,0.0,0.04344714729764544,0.0,0.0,0.0
menyedihkan,0.0,0.0,0.0,0.0,0.0,0.0,0.0,0.0,0.0,0.04146395501064281
menyelesaikan,0.0,0.0,0.08154460863241803,0.0,0.0,0.0,0.0,0.0,0.0,0.0
menyeluruh,0.0,0.0,0.0,0.0,0.0,0.0,0.0,0.047279756315530296,0.0,0.0
menyempurnakan,0.0,0.03821792029886614,0.0,0.0,0.0,0.0,0.0,0.0,0.0,0.0
menyertakan,0.0,0.0,0.04077230431620901,0.0,0.0,0.0,0.0,0.0,0.0,0.0
menyesali,0.0,0.0,0.0,0.0,0.0,0.0,0.0,0.047279756315530296,0.0,0.0
menyisakan,0.0,0.0,0.0,0.0,0.0,0.0,0.04344714729764544,0.0,0.0,0.0
menyusul,0.0,0.0,0.0,0.0,0.056235443672537196,0.0,0.0,0.0,0.0,0.0
merah,0.0,0.0,0.0,0.0,0.0,0.0,0.0,0.0,0.0,0.08292791002128562
meraih,0.0,0.0,0.0,0.06674092453736503,0.0,0.04782374309389034,0.0969387737415236,0.0,0.0,0.0
merasa,0.0,0.0,0.0,0.0,0.0,0.0,0.04344714729764544,0.0,0.0,0.0
merayakan,0.0,0.0,0.0,0.044869085927696034,0.0,0.0,0.0,0.0,0.0,0.0
mereka,0.0,0.022694597809737423,0.024211444290966222,0.05328839723650904,0.0,0.0,0.05159964363260953,0.08422711485076703,0.0,0.0
merelakan,0.0,0.0,0.0,0.044869085927696034,0.0,0.0,0.0,0.0,0.0,0.0
meringkuk,0.0,0.0,0.04077230431620901,0.0,0.0,0.0,0.0,0.0,0.0,0.0
merosot,0.0,0.0,0.0,0.0,0.0,0.03215130226526141,0.0,0.0,0.0,0.0
merupakan,0.0,0.0,0.030323564981551178,0.0,0.0,0.0,0.0,0.0,0.031100098302019066,0.06167593199570468
meski,0.0,0.0,0.0,0.0,0.056235443672537196,0.0,0.0,0.0,0.0,0.0
messi,0.0,0.0,0.030323564981551178,0.0,0.0,0.16738310082861618,0.0,0.0,0.0,0.03083796599785234
mestalla,0.0,0.0,0.0,0.0,0.0,0.0,0.0,0.0,0.0,0.16585582004257124
metatarsal,0.0,0.0,0.04077230431620901,0.0,0.0,0.0,0.0,0.0,0.0,0.0
mewujudkan,0.0,0.0,0.0,0.0,0.0,0.0,0.0,0.0,0.04181641152698899,0.0
milik,0.0,0.025270789931403713,0.0,0.0,0.0,0.021259367312841213,0.0,0.0,0.027650216001288253,0.027417161598670664
milla,0.0,0.0,0.0,0.0,0.0,0.0,0.0,0.047279756315530296,0.0,0.0
minggu,0.0,0.01862966823351365,0.019874825646893343,0.021871838609669004,0.0,0.0,0.021178701863370293,0.02304694152459764,0.020383785077049136,0.020211976985061875
minta,0.0,0.0,0.0,0.0,0.0,0.0,0.0,0.0,0.0,0.04146395501064281
momen,0.07478331582466008,0.0,0.0,0.0,0.0,0.0,0.0,0.0,0.0,0.0
montiel,0.0,0.0,0.04077230431620901,0.0,0.0,0.0,0.0,0.0,0.0,0.0
monumental,0.0,0.0,0.0,0.0,0.0,0.0,0.0,0.09455951263106059,0.0,0.0
more,0.0,0.03821792029886614,0.0,0.0,0.0,0.0,0.0,0.0,0.0,0.0
mudryk,0.0,0.03821792029886614,0.0,0.0,0.0,0.0,0.0,0.0,0.0,0.0
muenchen,0.0,0.03821792029886614,0.0,0.0,0.0,0.0,0.0,0.0,0.0,0.0
mulai,0.0,0.0,0.0,0.0,0.0,0.0,0.04344714729764544,0.0,0.0,0.0
mungkin,0.0,0.025270789931403713,0.0,0.059337464520619096,0.0,0.021259367312841213,0.057457010946256354,0.0,0.0,0.0
musim,0.0,0.022694597809737423,0.024211444290966222,0.02664419861825452,0.0,0.21001324904384208,0.025799821816304764,0.0,0.0,0.0
mustahil,0.0,0.0,0.0,0.0,0.0,0.03215130226526141,0.0,0.0,0.0,0.0
nama,0.0,0.0,0.0,0.0,0.0,0.06430260453052282,0.0,0.0,0.0,0.0
namun,0.0,0.0,0.0,0.0,0.0478052647905824,0.02733154426775643,0.0,0.0,0.0,0.0
nasional,0.05561855713029745,0.0,0.0,0.0,0.0418239576857229,0.0,0.0,0.0,0.06220019660403813,0.0
nayib,0.0,0.0,0.0,0.0,0.0,0.0,0.0,0.047279756315530296,0.0,0.0
nchen,0.0,0.03821792029886614,0.0,0.0,0.0,0.0,0.0,0.0,0.0,0.0
negara,0.0,0.0,0.030323564981551178,0.0,0.0,0.0,0.0,0.0,0.06220019660403813,0.06167593199570468
news,0.0,0.0,0.030323564981551178,0.0,0.0418239576857229,0.0,0.0,0.07032669784012793,0.0,0.0
nmayor,0.06357265065308819,0.0,0.0,0.0,0.0478052647905824,0.0,0.0,0.0,0.0,0.0
no,0.0,0.0,0.0,0.044869085927696034,0.0,0.0,0.0,0.0,0.0,0.0
normal,0.0,0.0,0.0,0.0,0.0,0.0,0.0,0.0,0.0,0.12439186503192842
nottingham,0.0,0.0,0.0,0.1144284668318041,0.0,0.0,0.03693404453344233,0.0,0.0,0.0
ole,0.0,0.0,0.04077230431620901,0.0,0.0,0.0,0.0,0.0,0.0,0.0
oleh,0.0,0.025270789931403713,0.0,0.059337464520619096,0.03718449545749185,0.0,0.0,0.0,0.08295064800386476,0.0
operan,0.0,0.03821792029886614,0.0,0.0,0.0,0.0,0.0,0.0,0.0,0.0
operasi,0.0,0.0,0.04077230431620901,0.0,0.0,0.0,0.0,0.0,0.0,0.0
opta,0.0,0.03821792029886614,0.0,0.0,0.0,0.0,0.0,0.0,0.0,0.0
optimal,0.0,0.0,0.04077230431620901,0.0,0.0,0.0,0.0,0.0,0.0,0.0
orang,0.0,0.0,0.0,0.0,0.0,0.0,0.032312924580507864,0.07032669784012793,0.0,0.18502779598711405
ortega,0.0,0.03821792029886614,0.0,0.0,0.0,0.0,0.0,0.0,0.0,0.0
other,0.0,0.03821792029886614,0.0,0.0,0.0,0.0,0.0,0.0,0.0,0.0
otomatis,0.0,0.0,0.0,0.044869085927696034,0.0,0.0,0.0,0.0,0.0,0.0
pada,0.138244511640953,0.02825987411436703,0.09044606652991381,0.08294503664953652,0.14553965555512444,0.03566095751118909,0.016063287898167616,0.017480280862829628,0.015460371946276929,0.04599018495988025
pagi,0.04944888287484528,0.0,0.026959822233570137,0.029668732260309548,0.0743689909149837,0.0,0.0,0.0,0.0,0.0
paling,0.0,0.0,0.030323564981551178,0.0,0.0,0.0,0.032312924580507864,0.0,0.0,0.03083796599785234
palmer,0.0,0.07643584059773229,0.0,0.0,0.0,0.0,0.0,0.0,0.0,0.0
pantas,0.0,0.0,0.0,0.0,0.0,0.0,0.0,0.0,0.0,0.04146395501064281
para,0.0,0.03248872384241367,0.0,0.0,0.0,0.0,0.0,0.0,0.0,0.03524814990508537
partai,0.0,0.0,0.08154460863241803,0.0,0.0,0.0,0.0,0.0,0.0,0.0
pasalnya,0.0,0.0,0.0,0.0,0.0,0.02733154426775643,0.0,0.040192112345721995,0.0,0.0
pekan,0.0,0.025270789931403713,0.0,0.059337464520619096,0.0,0.0,0.028728505473128177,0.0,0.0,0.027417161598670664
pelakunya,0.0,0.0,0.0,0.0,0.0,0.0,0.0,0.047279756315530296,0.0,0.0
pelatih,0.0,0.0568475885323798,0.0,0.0,0.0,0.0,0.032312924580507864,0.0,0.0,0.06167593199570468
peluang,0.0,0.0,0.0,0.0,0.0,0.03215130226526141,0.0,0.0,0.0,0.0
pemain,0.0,0.0,0.07263433287289867,0.0,0.0,0.01909211354944019,0.025799821816304764,0.0,0.049662913838858916,0.07386648267688471
pemakaian,0.0,0.0,0.0,0.0,0.0,0.0,0.0,0.0,0.04181641152698899,0.0
pembangunan,0.0,0.0,0.0,0.0,0.0,0.0,0.0,0.0,0.08363282305397798,0.0
pembinaan,0.0,0.0,0.0,0.0,0.0,0.0,0.0,0.0,0.04181641152698899,0.0
pemulihan,0.0,0.0,0.04077230431620901,0.0,0.0,0.0,0.0,0.0,0.0,0.0
penalti,0.0,0.07643584059773229,0.0,0.0,0.0,0.0,0.0,0.0,0.0,0.0
penampilan,0.0,0.0,0.0,0.0,0.0,0.03215130226526141,0.0,0.0,0.0,0.0
pencapaian,0.0,0.0,0.0,0.0,0.0,0.0,0.04344714729764544,0.0,0.0,0.0
pencetak,0.0,0.0,0.0,0.0,0.0,0.06430260453052282,0.0,0.0,0.0,0.0
pendukung,0.0,0.0,0.0,0.0,0.0,0.0,0.0,0.047279756315530296,0.0,0.0
pengawasan,0.0,0.0,0.0,0.0,0.0,0.0,0.0,0.0,0.04181641152698899,0.0
pengelolaan,0.0,0.0,0.0,0.0,0.0,0.0,0.0,0.0,0.125449234580967,0.0
penggemar,0.0,0.0,0.0,0.0,0.0,0.0,0.0,0.047279756315530296,0.0,0.0
penghargaan,0.0,0.0,0.0,0.0,0.0,0.03215130226526141,0.0,0.0,0.0,0.0
pengumuman,0.14956663164932016,0.0,0.0,0.0,0.0,0.0,0.0,0.0,0.0,0.0
peningkatan,0.0,0.0,0.0,0.0,0.0,0.0,0.0,0.0,0.08363282305397798,0.0
penjaga,0.0,0.0,0.0,0.0,0.0,0.0,0.0,0.0,0.0,0.04146395501064281
pentas,0.0,0.0,0.0,0.0,0.0,0.05466308853551286,0.0,0.0,0.0,0.03524814990508537
penting,0.0,0.0,0.04077230431620901,0.0,0.0,0.0,0.0,0.0,0.0,0.0
penuh,0.0,0.0,0.0,0.0,0.0,0.0,0.04344714729764544,0.0,0.0,0.0
penyelidikan,0.0,0.0,0.0,0.0,0.0,0.0,0.0,0.047279756315530296,0.0,0.0
penyerang,0.0,0.0,0.0,0.0,0.0,0.05466308853551286,0.0,0.0,0.0,0.03524814990508537
pep,0.0,0.03821792029886614,0.0,0.0,0.0,0.0,0.0,0.0,0.0,0.0
percaya,0.0,0.0,0.0,0.0,0.0,0.0,0.0,0.0,0.04181641152698899,0.0
perempat,0.0,0.0,0.03466018362562405,0.0,0.0,0.0,0.0,0.040192112345721995,0.0,0.0
periksa,0.0,0.0,0.0,0.0,0.0,0.0,0.0,0.0,0.04181641152698899,0.0
peringkat,0.0,0.0,0.0,0.13348184907473007,0.0,0.02391187154694517,0.032312924580507864,0.0,0.0,0.0
peringkatd,0.0,0.0,0.0,0.044869085927696034,0.0,0.0,0.0,0.0,0.0,0.0
peristiwa,0.0,0.0,0.0,0.0,0.0,0.0,0.0,0.047279756315530296,0.0,0.0
perjalanan,0.0,0.0,0.03466018362562405,0.0,0.0,0.02733154426775643,0.0,0.0,0.0,0.0
perlakuan,0.0,0.0,0.0,0.0,0.0,0.0,0.0,0.0,0.0,0.04146395501064281
pernah,0.0,0.0,0.0,0.0,0.0,0.09645390679578424,0.0,0.0,0.0,0.0
pernyataan,0.04944888287484528,0.0,0.0,0.0,0.0743689909149837,0.0,0.0,0.0,0.055300432002576505,0.027417161598670664
persahabatan,0.19071795195926458,0.0,0.0,0.0,0.1912210591623296,0.0,0.0,0.0,0.0,0.0
persatuan,0.0,0.0,0.0,0.0,0.0,0.0,0.0,0.0,0.04181641152698899,0.0
persib,0.0,0.0,0.0,0.0,0.0,0.0,0.0,0.047279756315530296,0.0,0.0
pertama,0.0,0.0,0.048422888581932444,0.0,0.03339377880376811,0.01909211354944019,0.05159964363260953,0.0,0.0,0.024622160892294902
pertamanya,0.0,0.0,0.0,0.0,0.0,0.06430260453052282,0.0,0.0,0.0,0.0
pertandingan,0.0331972267871537,0.06786160541313982,0.03619864720076254,0.03983586993565306,0.07489079976543994,0.0,0.07714687620840667,0.04197612196089477,0.0,0.03681271157347493
pertengahan,0.06357265065308819,0.0,0.0,0.0,0.0478052647905824,0.0,0.0,0.0,0.0,0.0
perwakilan,0.0,0.0,0.0,0.0,0.0,0.0,0.0,0.0,0.04181641152698899,0.0
pesaing,0.0,0.0,0.0,0.038142822277268035,0.0,0.0,0.03693404453344233,0.0,0.0,0.0
pesaingnya,0.0,0.03821792029886614,0.0,0.0,0.0,0.0,0.0,0.0,0.0,0.0
pesan,0.0,0.0,0.0,0.0,0.0,0.0,0.0,0.047279756315530296,0.0,0.0
pesepak,0.0,0.0,0.04077230431620901,0.0,0.0,0.0,0.0,0.0,0.0,0.0
pesta,0.0,0.03248872384241367,0.0,0.038142822277268035,0.0,0.0,0.0,0.0,0.0,0.0
pewarta,0.0,0.0,0.0,0.0,0.0,0.0,0.0,0.047279756315530296,0.0,0.0
phillips,0.0,0.03821792029886614,0.0,0.0,0.0,0.0,0.0,0.0,0.0,0.0
piala,0.0,0.0,0.17330091812812026,0.0,0.0478052647905824,0.0,0.0,0.0,0.0,0.0
pic,0.05561855713029745,0.0284237942661899,0.0,0.0,0.0418239576857229,0.0,0.0,0.0,0.0,0.0
pihak,0.0,0.0,0.0,0.0,0.0,0.0,0.06462584916101573,0.17581674460031985,0.031100098302019066,0.0
pihaknya,0.07478331582466008,0.0,0.0,0.0,0.0,0.0,0.0,0.0,0.0,0.0
pintu,0.0,0.0,0.0,0.0,0.0,0.0,0.0,0.047279756315530296,0.0,0.0
poin,0.0,0.025270789931403713,0.0,0.17801239356185727,0.0,0.0,0.057457010946256354,0.0,0.055300432002576505,0.0
posisi,0.0,0.0,0.0,0.07628564455453607,0.0,0.0,0.11080213360032701,0.0,0.0,0.0
pramusim,0.0,0.0,0.04077230431620901,0.0,0.0,0.0,0.0,0.0,0.0,0.0
prematur,0.0,0.0,0.04077230431620901,0.0,0.0,0.0,0.0,0.0,0.0,0.0
premier,0.0,0.050541579862807426,0.0,0.059337464520619096,0.0,0.021259367312841213,0.20109953831189725,0.0,0.0,0.0
presiden,0.0,0.0,0.0,0.0,0.0,0.0,0.0,0.040192112345721995,0.07109554028879876,0.0
pribadinya,0.0,0.0,0.0,0.0,0.0,0.0,0.0,0.0,0.04181641152698899,0.0
problem,0.0,0.0,0.04077230431620901,0.0,0.0,0.0,0.0,0.0,0.0,0.0
psg,0.0,0.0,0.0,0.0,0.0,0.03215130226526141,0.0,0.0,0.0,0.0
pssi,0.0,0.0,0.030323564981551178,0.0,0.1672958307428916,0.0,0.0,0.0,0.21770068811413346,0.0
publik,0.0,0.0,0.0,0.038142822277268035,0.0,0.0,0.0,0.0,0.03554777014439938,0.0
pukul,0.0,0.0,0.0,0.038142822277268035,0.0,0.0,0.03693404453344233,0.0,0.0,0.0
pulisic,0.0,0.03821792029886614,0.0,0.0,0.0,0.0,0.0,0.0,0.0,0.0
puluhan,0.0,0.0,0.0,0.0,0.0,0.0,0.0,0.047279756315530296,0.0,0.0
pun,0.0,0.022694597809737423,0.048422888581932444,0.05328839723650904,0.0,0.0,0.0,0.028075704950255673,0.0,0.049244321784589803
puncak,0.0,0.0284237942661899,0.0,0.06674092453736503,0.0,0.0,0.032312924580507864,0.0,0.0,0.0
pundi,0.0,0.0,0.0,0.0,0.0,0.06430260453052282,0.0,0.0,0.0,0.0
punya,0.0,0.0,0.0,0.0,0.0,0.05466308853551286,0.0,0.0,0.0,0.03524814990508537
putih,0.0,0.0,0.0,0.0,0.056235443672537196,0.0,0.0,0.0,0.0,0.0
qatar,0.0,0.0,0.08154460863241803,0.0,0.0,0.0,0.0,0.0,0.0,0.0
qjfpfxalh,0.0,0.03821792029886614,0.0,0.0,0.0,0.0,0.0,0.0,0.0,0.0
racikan,0.0,0.0,0.04077230431620901,0.0,0.0,0.0,0.0,0.0,0.0,0.0
ragu,0.0,0.0,0.0,0.0,0.0,0.0,0.04344714729764544,0.0,0.0,0.0
raih,0.06357265065308819,0.0,0.0,0.0,0.0,0.02733154426775643,0.0,0.0,0.0,0.0
raihan,0.0,0.03248872384241367,0.0,0.07628564455453607,0.0,0.0,0.0,0.0,0.0,0.0
ramah,0.0,0.0,0.0,0.0,0.0,0.0,0.0,0.0,0.0,0.04146395501064281
rangkaian,0.06357265065308819,0.0,0.0,0.0,0.0478052647905824,0.0,0.0,0.0,0.0,0.0
rasial,0.0,0.0,0.0,0.0,0.0,0.0,0.0,0.0,0.0,0.29024768507449966
rasialisme,0.0,0.0,0.0,0.0,0.0,0.0,0.0,0.0,0.0,0.12439186503192842
rasis,0.0,0.0,0.0,0.0,0.0,0.0,0.0,0.0,0.0,0.04146395501064281
real,0.0,0.06497744768482734,0.0,0.0,0.0,0.0,0.0,0.0,0.0,0.1057444497152561
rekor,0.0,0.0284237942661899,0.0,0.03337046226868252,0.0,0.02391187154694517,0.0,0.0,0.0,0.0
relawan,0.0,0.0,0.0,0.0,0.0,0.0,0.0,0.09455951263106059,0.0,0.0
republik,0.0,0.0,0.0,0.0,0.0,0.0,0.0,0.0,0.04181641152698899,0.0
resmi,0.1112371142605949,0.0,0.030323564981551178,0.0,0.0836479153714458,0.0,0.0,0.0,0.0,0.0
resminya,0.07478331582466008,0.0,0.0,0.0,0.0,0.0,0.0,0.0,0.0,0.0
rico,0.0,0.03821792029886614,0.0,0.0,0.0,0.0,0.0,0.0,0.0,0.0
riyad,0.0,0.07643584059773229,0.0,0.0,0.0,0.0,0.0,0.0,0.0,0.0
robert,0.0,0.0,0.0,0.0,0.0,0.03215130226526141,0.0,0.0,0.0,0.0
rodri,0.0,0.03821792029886614,0.0,0.0,0.0,0.0,0.0,0.0,0.0,0.0
ronaldinho,0.0,0.0,0.0,0.0,0.0,0.0,0.0,0.0,0.0,0.04146395501064281
ronaldo,0.0,0.0,0.0,0.0,0.0,0.02733154426775643,0.0,0.0,0.0,0.07049629981017073
ruang,0.0,0.0,0.03466018362562405,0.0,0.0,0.0,0.03693404453344233,0.0,0.0,0.0
rumah,0.0,0.0,0.0,0.0,0.0,0.0,0.0,0.0,0.0,0.08292791002128562
saat,0.0,0.04538919561947485,0.0,0.0,0.0,0.05727634064832057,0.025799821816304764,0.0,0.049662913838858916,0.024622160892294902
saatnya,0.0,0.0,0.0,0.0,0.0,0.0,0.0,0.0,0.0,0.04146395501064281
sabtu,0.0,0.0,0.0,0.044869085927696034,0.0,0.0,0.0,0.0,0.0,0.0
saja,0.0,0.0,0.0,0.0,0.0,0.0,0.0,0.047279756315530296,0.0,0.0
sakti,0.0,0.0284237942661899,0.0,0.03337046226868252,0.0,0.0,0.032312924580507864,0.0,0.0,0.0
salah,0.0,0.0,0.053919644467140274,0.0,0.0,0.021259367312841213,0.0,0.031262736970362345,0.027650216001288253,0.0
salip,0.0,0.0284237942661899,0.0,0.03337046226868252,0.0,0.0,0.032312924580507864,0.0,0.0,0.0
salju,0.0,0.0,0.0,0.0,0.0,0.0,0.0,0.047279756315530296,0.0,0.0
salvador,0.0,0.0,0.0,0.0,0.0,0.0,0.0,0.28367853789318176,0.0,0.0
sama,0.0,0.0,0.0,0.0,0.0,0.0,0.0,0.0,0.24883439101079569,0.03524814990508537
sampai,0.0,0.0,0.0,0.0,0.0,0.0,0.0,0.047279756315530296,0.0,0.0
sang,0.0,0.0,0.03466018362562405,0.0,0.0478052647905824,0.0,0.0,0.0,0.0,0.0
sangat,0.0,0.0,0.0,0.0,0.0,0.021259367312841213,0.028728505473128177,0.031262736970362345,0.0,0.05483432319734133
sangatlah,0.0,0.0,0.0,0.0,0.0,0.02733154426775643,0.03693404453344233,0.0,0.0,0.0
satu,0.0,0.0,0.06566317155125484,0.04817398372137988,0.0,0.06903890640623973,0.023323655066541257,0.025381107771679075,0.022448230073528596,0.0
satunya,0.0,0.0,0.0,0.044869085927696034,0.0,0.0,0.0,0.0,0.0,0.0
saya,0.0,0.0,0.0,0.0,0.0,0.0,0.032312924580507864,0.0,0.031100098302019066,0.1541898299892617
sayangnya,0.0,0.0,0.0,0.0,0.0,0.0,0.0,0.0,0.0,0.04146395501064281
scaloni,0.05561855713029745,0.0,0.060647129963102356,0.0,0.0418239576857229,0.0,0.0,0.0,0.0,0.0
scored,0.0,0.03821792029886614,0.0,0.0,0.0,0.0,0.0,0.0,0.0,0.0
scorer,0.0,0.0,0.0,0.0,0.0,0.03215130226526141,0.0,0.0,0.0,0.0
sea,0.0,0.0,0.0,0.0,0.0,0.0,0.0,0.0,0.04181641152698899,0.0
season,0.0,0.03821792029886614,0.0,0.0,0.0,0.0,0.0,0.0,0.0,0.0
sebab,0.0,0.0284237942661899,0.0,0.03337046226868252,0.0,0.0,0.0,0.0,0.0,0.03083796599785234
sebagai,0.0,0.0,0.0,0.03337046226868252,0.0,0.0,0.06462584916101573,0.0,0.0,0.03083796599785234
sebelum,0.04944888287484528,0.025270789931403713,0.0,0.0,0.0743689909149837,0.021259367312841213,0.0,0.0,0.0,0.0
sebelumnya,0.0,0.0,0.0,0.038142822277268035,0.0,0.02733154426775643,0.0,0.0,0.0,0.0
sebuah,0.0,0.0,0.0,0.0,0.0,0.0,0.0,0.040192112345721995,0.03554777014439938,0.0
sebut,0.0,0.0,0.0,0.0,0.0,0.0,0.0,0.0,0.0,0.04146395501064281
secara,0.0,0.0,0.0,0.03337046226868252,0.0,0.0,0.0,0.035163348920063967,0.0,0.03083796599785234
sedangkan,0.0,0.0,0.0,0.0,0.0,0.0,0.0,0.047279756315530296,0.0,0.0
sedih,0.0,0.0,0.0,0.0,0.0,0.0,0.0,0.047279756315530296,0.0,0.0
sedikitnya,0.0,0.0,0.0,0.0,0.0,0.0,0.0,0.047279756315530296,0.0,0.0
segera,0.0,0.0,0.0,0.0,0.056235443672537196,0.0,0.0,0.0,0.0,0.0
sejatinya,0.0,0.03821792029886614,0.0,0.0,0.0,0.0,0.0,0.0,0.0,0.0
sejumlah,0.0,0.0,0.0,0.0,0.0,0.0,0.0,0.09455951263106059,0.0,0.0
sekaligus,0.0,0.03821792029886614,0.0,0.0,0.0,0.0,0.0,0.0,0.0,0.0
sekarang,0.0,0.0,0.0,0.0,0.0478052647905824,0.0,0.0,0.0,0.0,0.03524814990508537
sekelompok,0.0,0.0,0.0,0.0,0.0,0.0,0.0,0.0,0.0,0.04146395501064281
selain,0.0,0.0,0.0,0.0,0.0,0.03215130226526141,0.0,0.0,0.0,0.0
selaku,0.0,0.0,0.0,0.07628564455453607,0.0,0.0,0.03693404453344233,0.0,0.0,0.0
selama,0.0,0.0,0.04077230431620901,0.0,0.0,0.0,0.0,0.0,0.0,0.0
selangkah,0.0,0.0,0.0,0.0,0.0,0.03215130226526141,0.0,0.0,0.0,0.0
selecci,0.12714530130617638,0.0,0.0,0.0,0.0956105295811648,0.0,0.0,0.0,0.0,0.0
selepas,0.0,0.0,0.0,0.0,0.0,0.0,0.0,0.047279756315530296,0.0,0.0
selesai,0.0,0.0,0.0,0.0,0.0,0.0,0.0,0.0,0.04181641152698899,0.0
selisih,0.0,0.0,0.0,0.044869085927696034,0.0,0.0,0.0,0.0,0.0,0.0
seluruh,0.0,0.0,0.0,0.0,0.0,0.02733154426775643,0.0,0.0,0.03554777014439938,0.0
semakin,0.0,0.0,0.0,0.0,0.0,0.03215130226526141,0.0,0.0,0.0,0.0
sembilan,0.0,0.0,0.0,0.044869085927696034,0.0,0.0,0.0,0.0,0.0,0.0
sementara,0.0,0.0,0.0,0.06674092453736503,0.0,0.0,0.032312924580507864,0.035163348920063967,0.0,0.0
sempat,0.0,0.0,0.0,0.08973817185539207,0.0,0.0,0.0,0.0,0.0,0.0
sempurna,0.0,0.0,0.0,0.044869085927696034,0.0,0.0,0.0,0.0,0.0,0.0
semua,0.0,0.025270789931403713,0.0,0.0,0.0,0.0,0.08618551641938453,0.031262736970362345,0.0,0.027417161598670664
semuanya,0.0,0.03821792029886614,0.0,0.0,0.0,0.0,0.0,0.0,0.0,0.0
senang,0.0,0.0,0.0,0.0,0.0,0.0,0.04344714729764544,0.0,0.0,0.0
senin,0.04944888287484528,0.0,0.026959822233570137,0.059337464520619096,0.0743689909149837,0.0,0.0,0.0,0.0,0.0
sepak,0.03645379843593483,0.0,0.039749651293786686,0.0,0.027412471698908595,0.01567244082862893,0.0,0.1152347076229882,0.12230271046229482,0.06063593095518562
sepasang,0.0,0.0,0.04077230431620901,0.0,0.0,0.0,0.0,0.0,0.0,0.0
sepatu,0.0,0.0,0.0,0.0,0.0,0.06430260453052282,0.0,0.0,0.0,0.0
seperti,0.0,0.0,0.0,0.0,0.0,0.02733154426775643,0.0,0.040192112345721995,0.0,0.0
september,0.0,0.0,0.04077230431620901,0.0,0.0,0.0,0.0,0.0,0.0,0.0
serik,0.0,0.0,0.0,0.044869085927696034,0.0,0.0,0.0,0.0,0.0,0.0
serta,0.0,0.0,0.04077230431620901,0.0,0.0,0.0,0.0,0.0,0.0,0.0
setelah,0.0,0.022694597809737423,0.024211444290966222,0.07993259585476357,0.0,0.0,0.025799821816304764,0.0,0.024831456919429458,0.0
setempat,0.0,0.0,0.0,0.0,0.0,0.0,0.0,0.09455951263106059,0.0,0.0
setiap,0.0,0.0,0.0,0.0,0.0,0.0,0.03693404453344233,0.0,0.0,0.03524814990508537
setuju,0.0,0.0,0.0,0.0,0.0,0.0,0.0,0.0,0.0,0.12439186503192842
seusai,0.0,0.0284237942661899,0.0,0.0,0.0,0.0,0.032312924580507864,0.0,0.031100098302019066,0.0
sevilla,0.0,0.0,0.08154460863241803,0.0,0.0,0.0,0.0,0.0,0.0,0.0
si,0.0,0.03821792029886614,0.0,0.0,0.0,0.0,0.0,0.0,0.0,0.0
siapa,0.0,0.0,0.0,0.0,0.0,0.0,0.0,0.047279756315530296,0.0,0.0
side,0.0,0.03821792029886614,0.0,0.0,0.0,0.0,0.0,0.0,0.0,0.0
silam,0.0,0.0,0.08154460863241803,0.0,0.0,0.0,0.0,0.0,0.0,0.0
silang,0.0,0.03821792029886614,0.0,0.0,0.0,0.0,0.0,0.0,0.0,0.0
silva,0.0,0.03821792029886614,0.0,0.0,0.0,0.0,0.0,0.0,0.0,0.0
sinulingga,0.0,0.0,0.0,0.0,0.11247088734507439,0.0,0.0,0.0,0.0,0.0
sisa,0.0,0.0,0.0,0.03337046226868252,0.0,0.04782374309389034,0.032312924580507864,0.0,0.0,0.0
sisi,0.0,0.0,0.0,0.029668732260309548,0.0,0.021259367312841213,0.028728505473128177,0.0,0.0,0.027417161598670664
situasi,0.0,0.0,0.0,0.0,0.0,0.0,0.04344714729764544,0.0,0.0,0.0
skor,0.0,0.025270789931403713,0.0,0.029668732260309548,0.0,0.042518734625682425,0.0,0.0,0.0,0.027417161598670664
skuad,0.0,0.0,0.03466018362562405,0.0,0.0478052647905824,0.0,0.0,0.0,0.0,0.0
sky,0.0,0.0,0.0,0.0,0.0,0.0,0.03693404453344233,0.08038422469144399,0.0,0.0
soal,0.0,0.0,0.0,0.0,0.0956105295811648,0.0,0.0,0.0,0.0,0.03524814990508537
solidaritas,0.0,0.0,0.0,0.0,0.0,0.0,0.0,0.09455951263106059,0.0,0.0
sorakan,0.0,0.0,0.0,0.0,0.0,0.0,0.0,0.0,0.0,0.04146395501064281
sorotan,0.0,0.0,0.0,0.0,0.0,0.0,0.0,0.047279756315530296,0.0,0.0
sosok,0.0,0.0,0.0,0.0,0.0,0.0,0.0,0.047279756315530296,0.0,0.0
spanyol,0.0,0.0,0.0,0.0,0.0,0.05466308853551286,0.0,0.0,0.0,0.24673704933559754
spesial,0.0,0.0,0.0,0.0,0.0,0.0,0.04344714729764544,0.0,0.0,0.0
sports,0.0,0.0,0.0,0.0,0.0,0.0,0.04344714729764544,0.0,0.0,0.0
stadion,0.03645379843593483,0.01862966823351365,0.0,0.04374367721933801,0.027412471698908595,0.0,0.021178701863370293,0.09218776609839056,0.0,0.020211976985061875
staf,0.0,0.0,0.0,0.0,0.0,0.0,0.04344714729764544,0.0,0.0,0.0
statistik,0.0,0.03821792029886614,0.0,0.0,0.0,0.0,0.0,0.0,0.0,0.0
statusnya,0.0,0.0,0.0,0.044869085927696034,0.0,0.0,0.0,0.0,0.0,0.0
sterling,0.0,0.03821792029886614,0.0,0.0,0.0,0.0,0.0,0.0,0.0,0.0
stones,0.0,0.03821792029886614,0.0,0.0,0.0,0.0,0.0,0.0,0.0,0.0
strategi,0.0,0.0,0.04077230431620901,0.0,0.0,0.0,0.0,0.0,0.0,0.0
streaming,0.0,0.0,0.0,0.0,0.0,0.0,0.04344714729764544,0.0,0.0,0.0
stronghold,0.0,0.03821792029886614,0.0,0.0,0.0,0.0,0.0,0.0,0.0,0.0
suara,0.0,0.0,0.0,0.0,0.0,0.0,0.0,0.047279756315530296,0.0,0.0
suarez,0.0,0.0,0.0,0.0,0.0,0.03215130226526141,0.0,0.0,0.0,0.0
sudah,0.0,0.05588900470054095,0.019874825646893343,0.021871838609669004,0.05482494339781719,0.0,0.042357403726740586,0.0,0.020383785077049136,0.020211976985061875
sukses,0.0,0.0,0.0,0.038142822277268035,0.0,0.0,0.03693404453344233,0.0,0.0,0.0
suporter,0.0,0.0,0.0,0.0,0.0,0.0,0.0,0.040192112345721995,0.0,0.07049629981017073
tahun,0.0,0.0,0.0,0.0,0.0,0.021259367312841213,0.028728505473128177,0.031262736970362345,0.0,0.027417161598670664
tak,0.0,0.0,0.048422888581932444,0.05328839723650904,0.0,0.0,0.05159964363260953,0.028075704950255673,0.0,0.09848864356917961
takhta,0.0,0.0,0.0,0.0,0.0,0.0,0.04344714729764544,0.0,0.0,0.0
takluk,0.0,0.0,0.0,0.044869085927696034,0.0,0.0,0.0,0.0,0.0,0.0
tambah,0.0,0.0,0.0,0.0,0.0,0.0,0.0,0.09455951263106059,0.0,0.0
tambahnya,0.0,0.0,0.0,0.0,0.0,0.0,0.04344714729764544,0.0,0.0,0.0
tampaknya,0.0,0.0,0.0,0.0,0.056235443672537196,0.0,0.0,0.0,0.0,0.0
tanah,0.0,0.0,0.03466018362562405,0.0,0.0,0.0,0.0,0.0,0.03554777014439938,0.0
tangan,0.0,0.0,0.0,0.044869085927696034,0.0,0.0,0.0,0.0,0.0,0.0
tanggal,0.0,0.0,0.04077230431620901,0.0,0.0,0.0,0.0,0.0,0.0,0.0
tango,0.0,0.0,0.10398055087687215,0.0,0.0478052647905824,0.0,0.0,0.0,0.0,0.0
tanpa,0.0,0.0,0.0,0.0,0.0,0.0,0.04344714729764544,0.0,0.0,0.0
tegas,0.0,0.0,0.0,0.0,0.0,0.0,0.0,0.0,0.0,0.04146395501064281
telah,0.03645379843593483,0.01862966823351365,0.039749651293786686,0.021871838609669004,0.0,0.01567244082862893,0.021178701863370293,0.0,0.0,0.020211976985061875
tembakan,0.0,0.03248872384241367,0.03466018362562405,0.0,0.0,0.0,0.0,0.0,0.0,0.0
tempat,0.0,0.0,0.0,0.0,0.0,0.0,0.0,0.0,0.0,0.12439186503192842
tepatnya,0.0,0.0,0.0,0.0,0.0,0.0,0.0,0.0,0.0,0.04146395501064281
terakhir,0.0,0.0,0.0,0.03337046226868252,0.0418239576857229,0.0,0.032312924580507864,0.0,0.0,0.0
terapi,0.0,0.0,0.04077230431620901,0.0,0.0,0.0,0.0,0.0,0.0,0.0
teratas,0.0,0.0,0.0,0.0,0.0,0.03215130226526141,0.0,0.0,0.0,0.0
terbaik,0.0,0.0,0.0,0.0,0.0,0.0,0.0,0.0,0.04181641152698899,0.0
terbanyak,0.0,0.0,0.0,0.0,0.0,0.09645390679578424,0.0,0.0,0.0,0.0
terbaru,0.0,0.0,0.0,0.0,0.0,0.0,0.0,0.0,0.0,0.04146395501064281
terburuknya,0.0,0.0,0.0,0.0,0.0,0.0,0.0,0.0,0.0,0.04146395501064281
terdapat,0.0,0.0,0.0,0.0,0.0,0.02733154426775643,0.0,0.040192112345721995,0.0,0.0
terdekat,0.0,0.0,0.0,0.038142822277268035,0.0,0.0,0.03693404453344233,0.0,0.0,0.0
terhadap,0.0,0.0,0.03466018362562405,0.0,0.0,0.0,0.0,0.0,0.0,0.03524814990508537
terima,0.0,0.0,0.0,0.0,0.0,0.0,0.04344714729764544,0.0,0.0,0.0
terjadi,0.0,0.0,0.0,0.0,0.0418239576857229,0.0,0.0,0.14065339568025587,0.0,0.03083796599785234
terkait,0.0,0.0,0.0,0.0,0.0,0.0,0.0,0.0,0.04181641152698899,0.0
terkejar,0.0,0.0,0.0,0.044869085927696034,0.0,0.0,0.0,0.0,0.0,0.0
terkena,0.0,0.0,0.0,0.0,0.0,0.0,0.0,0.09455951263106059,0.0,0.0
terkenal,0.0,0.0,0.0,0.0,0.0,0.0,0.0,0.0,0.0,0.04146395501064281
terkunci,0.0,0.0,0.0,0.044869085927696034,0.0,0.0,0.0,0.0,0.0,0.0
terlepas,0.0,0.0,0.0,0.0,0.0,0.0,0.0,0.0,0.0,0.04146395501064281
termasuk,0.06357265065308819,0.0,0.0,0.0,0.0,0.0,0.03693404453344233,0.0,0.0,0.0
terowongan,0.0,0.0,0.0,0.0,0.0,0.0,0.0,0.047279756315530296,0.0,0.0
tersebut,0.030284124180482666,0.0,0.03302216579782461,0.018170108601296035,0.045546018941355106,0.026039873189049944,0.017594282755990606,0.05743898872468807,0.03386780555263665,0.0335823451717604
tersemat,0.0,0.0,0.0,0.0,0.0,0.0,0.04344714729764544,0.0,0.0,0.0
tertahan,0.0,0.0,0.0,0.038142822277268035,0.0,0.0,0.0,0.08038422469144399,0.0,0.0
tertinggal,0.0,0.0,0.0,0.044869085927696034,0.0,0.0,0.0,0.0,0.0,0.0
tertinggi,0.0,0.025270789931403713,0.0,0.029668732260309548,0.0,0.042518734625682425,0.028728505473128177,0.0,0.0,0.0
tertulis,0.0,0.0,0.0,0.0,0.11247088734507439,0.0,0.0,0.0,0.0,0.0
terukir,0.0,0.0,0.0,0.0,0.0,0.03215130226526141,0.0,0.0,0.0,0.0
terulang,0.07478331582466008,0.0,0.0,0.0,0.0,0.0,0.0,0.0,0.0,0.0
terus,0.0,0.0,0.0,0.0,0.0,0.0,0.0,0.0,0.0,0.04146395501064281
terwujud,0.0,0.0,0.0,0.0,0.056235443672537196,0.0,0.0,0.0,0.0,0.0
tetap,0.0,0.03821792029886614,0.0,0.0,0.0,0.0,0.0,0.0,0.0,0.0
tetapi,0.0,0.0,0.0,0.0,0.0,0.02733154426775643,0.0,0.0,0.0,0.1057444497152561
tetapkan,0.0,0.0,0.04077230431620901,0.0,0.0,0.0,0.0,0.0,0.0,0.0
tewas,0.0,0.0,0.0,0.0,0.0,0.0,0.0,0.047279756315530296,0.0,0.0
than,0.0,0.03821792029886614,0.0,0.0,0.0,0.0,0.0,0.0,0.0,0.0
the,0.0,0.0,0.0,0.038142822277268035,0.0,0.0,0.03693404453344233,0.0,0.0,0.0
thiago,0.0,0.03821792029886614,0.0,0.0,0.0,0.0,0.0,0.0,0.0,0.0
thibaut,0.0,0.0,0.0,0.0,0.0,0.0,0.0,0.0,0.0,0.04146395501064281
this,0.0,0.03821792029886614,0.0,0.0,0.0,0.0,0.0,0.0,0.0,0.0
thohir,0.0,0.0,0.0,0.0,0.0,0.0,0.0,0.0,0.37634770374290094,0.0
tidak,0.0,0.020516458406456217,0.043775447700836564,0.0,0.030188773540104182,0.03451945320311987,0.0,0.025381107771679075,0.0,0.06677706439993782
tiga,0.0,0.0,0.0,0.0,0.0,0.0,0.08689429459529088,0.0,0.0,0.0
tim,0.03645379843593483,0.01862966823351365,0.05962447694068003,0.0,0.08223741509672579,0.0,0.021178701863370293,0.02304694152459764,0.04076757015409827,0.0
time,0.0,0.0,0.0,0.0,0.0,0.0,0.0,0.0,0.0,0.04146395501064281
timnas,0.2224742285211898,0.0,0.12129425992620471,0.0,0.25094374611433734,0.0,0.0,0.0,0.0,0.0
tindakan,0.0,0.0,0.0,0.0,0.0,0.0,0.0,0.0,0.0,0.08292791002128562
tinggi,0.0,0.0,0.0,0.0,0.0,0.0,0.0,0.0,0.04181641152698899,0.0
tingkat,0.0,0.0,0.0,0.0,0.0,0.0,0.0,0.0,0.04181641152698899,0.0
tipis,0.0,0.03821792029886614,0.0,0.0,0.0,0.0,0.0,0.0,0.0,0.0
tokyo,0.0,0.0,0.0,0.0,0.0,0.0,0.0,0.0,0.08363282305397798,0.0
top,0.0,0.06497744768482734,0.0,0.0,0.0,0.10932617707102572,0.0,0.0,0.0,0.0
torehan,0.0,0.0,0.0,0.0,0.0,0.06430260453052282,0.0,0.0,0.0,0.0
tottenham,0.0,0.0,0.0,0.0,0.0,0.06430260453052282,0.0,0.0,0.0,0.0
tragedi,0.0,0.0,0.0,0.0,0.0,0.0,0.0,0.18911902526212118,0.0,0.0
tragis,0.0,0.0,0.0,0.0,0.0,0.0,0.0,0.18911902526212118,0.0,0.0
tribune,0.0,0.0,0.0,0.0,0.0,0.0,0.0,0.047279756315530296,0.0,0.0
trofi,0.0,0.0,0.0,0.06674092453736503,0.0,0.02391187154694517,0.032312924580507864,0.0,0.0,0.0
tuan,0.0,0.0,0.0,0.0,0.0,0.0,0.0,0.0,0.0,0.04146395501064281
tulang,0.0,0.0,0.04077230431620901,0.0,0.0,0.0,0.0,0.0,0.0,0.0
tulis,0.05561855713029745,0.0,0.0,0.0,0.0418239576857229,0.0,0.0,0.0,0.06220019660403813,0.0
tumbang,0.0,0.0,0.0,0.038142822277268035,0.0,0.0,0.03693404453344233,0.0,0.0,0.0
tuntutan,0.0,0.0,0.0,0.0,0.0,0.0,0.04344714729764544,0.0,0.0,0.0
tur,0.05561855713029745,0.0,0.060647129963102356,0.0,0.0418239576857229,0.0,0.0,0.0,0.0,0.0
turun,0.0,0.0,0.0,0.038142822277268035,0.0,0.0,0.0,0.040192112345721995,0.0,0.0
turut,0.0,0.03821792029886614,0.0,0.0,0.0,0.0,0.0,0.0,0.0,0.0
tuturnya,0.0,0.0,0.0,0.0,0.0,0.0,0.04344714729764544,0.0,0.0,0.0
twitter,0.04944888287484528,0.025270789931403713,0.0,0.0,0.03718449545749185,0.0,0.0,0.06252547394072469,0.0,0.0
ujar,0.0,0.0,0.0,0.0,0.0,0.0,0.0,0.040192112345721995,0.0,0.03524814990508537
ujarnya,0.0,0.0,0.0,0.0,0.0,0.0,0.0,0.047279756315530296,0.0,0.0
uji,0.0,0.0,0.20386152158104506,0.0,0.0,0.0,0.0,0.0,0.0,0.0
ukir,0.0,0.0,0.0,0.044869085927696034,0.0,0.0,0.0,0.0,0.0,0.0
umpan,0.0,0.03821792029886614,0.0,0.0,0.0,0.0,0.0,0.0,0.0,0.0
umum,0.0,0.0,0.0,0.0,0.0478052647905824,0.0,0.0,0.0,0.03554777014439938,0.0
unggahan,0.0,0.0,0.0,0.0,0.0,0.0,0.0,0.0,0.04181641152698899,0.0
unggul,0.0,0.0,0.0,0.0,0.0,0.03215130226526141,0.0,0.0,0.0,0.0
united,0.0,0.06497744768482734,0.0693203672512481,0.0,0.0,0.0,0.0,0.0,0.0,0.0
untuk,0.0,0.020516458406456217,0.1094386192520914,0.02408699186068994,0.0,0.06903890640623973,0.0,0.0,0.0673446902205858,0.06677706439993782
upaya,0.0,0.0,0.0,0.0,0.056235443672537196,0.0,0.0,0.0,0.0,0.0
update,0.0,0.0,0.0,0.044869085927696034,0.0,0.0,0.0,0.0,0.0,0.0
usaha,0.0,0.0,0.0,0.0,0.0,0.0,0.0,0.0,0.04181641152698899,0.0
usai,0.0,0.0,0.03466018362562405,0.0,0.0,0.0,0.03693404453344233,0.0,0.0,0.0
usia,0.0,0.0,0.0,0.0,0.0,0.0,0.0,0.0,0.04181641152698899,0.0
utama,0.0,0.0,0.0,0.0,0.0,0.0,0.0,0.047279756315530296,0.0,0.0
valencia,0.0,0.0,0.0,0.0,0.0,0.0,0.0,0.0,0.0,0.08292791002128562
vamos,0.06357265065308819,0.0,0.0,0.0,0.0478052647905824,0.0,0.0,0.0,0.0,0.0
var,0.0,0.03821792029886614,0.0,0.0,0.0,0.0,0.0,0.0,0.0,0.0
venue,0.06357265065308819,0.0,0.0,0.0,0.0478052647905824,0.0,0.0,0.0,0.0,0.0
via,0.0,0.0,0.0,0.0,0.0,0.0,0.04344714729764544,0.0,0.0,0.0
vinicius,0.0,0.0,0.0,0.0,0.0,0.0,0.0,0.0,0.0,0.3731755950957853
vs,0.10936139530780449,0.01862966823351365,0.0,0.04374367721933801,0.13706235849454299,0.01567244082862893,0.08471480745348117,0.09218776609839056,0.0,0.0
wacana,0.0,0.0,0.0,0.0,0.11247088734507439,0.0,0.0,0.0,0.0,0.0
wakil,0.0,0.0,0.0,0.0,0.056235443672537196,0.0,0.0,0.0,0.0,0.0
waktu,0.0,0.0,0.0693203672512481,0.0,0.0,0.02733154426775643,0.0,0.0,0.0,0.0
walau,0.0,0.03248872384241367,0.03466018362562405,0.0,0.0,0.0,0.0,0.0,0.0,0.0
walker,0.0,0.03821792029886614,0.0,0.0,0.0,0.0,0.0,0.0,0.0,0.0
warga,0.0,0.0,0.0,0.0,0.0,0.0,0.0,0.0,0.0,0.04146395501064281
wasit,0.0,0.0,0.0,0.0,0.0,0.0,0.0,0.0,0.08363282305397798,0.0
wib,0.04014579486835753,0.020516458406456217,0.021887723850418282,0.04817398372137988,0.060377547080208364,0.0,0.023323655066541257,0.0,0.0,0.0
widodo,0.0,0.0,0.0,0.0,0.0,0.0,0.0,0.0,0.08363282305397798,0.0
ya,0.0,0.03821792029886614,0.0,0.0,0.0,0.0,0.0,0.0,0.0,0.0
yakarta,0.06357265065308819,0.0,0.0,0.0,0.0478052647905824,0.0,0.0,0.0,0.0,0.0
yang,0.1105956093127624,0.0989095594002846,0.07537172210826151,0.06635602931962922,0.02079137936501778,0.08320890085944121,0.08031643949083807,0.12236196603980741,0.12368297557021543,0.12264049322634733
zainudin,0.0,0.0,0.0,0.0,0.056235443672537196,0.0,0.0,0.0,0.0,0.0
